superkingdom,kingdom,phylum,class,order,family,genus,species,reassigned_read_count,uniqueness_score,species_percentage_hit,genus_percentage_hit,species_contaminant_score,genus_contaminant_score,best_hit_genus,best_hit_species,blast_validated
,,Bacillota,Clostridia,Eubacteriales,Clostridiaceae,Clostridium,Clostridium beijerinckii,4314,4,1,1,1,0,Clostridium,beijerinckii,TRUE
,,Bacillota,Bacilli,Bacillales,Staphylococcaceae,Staphylococcus,Staphylococcus aureus,3584.5,6,1,1,1,0,Staphylococcus,aureus,TRUE
,,Bacillota,Bacilli,Bacillales,Bacillaceae,Bacillus,Bacillus cereus,2456,10,0,1,1,0,Bacillus,albus,FALSE
,,Bacteroidota,Bacteroidia,Bacteroidales,Bacteroidaceae,Phocaeicola,Phocaeicola vulgatus,2201,1,1,1,0,0,Phocaeicola,vulgatus,TRUE
,,Deinococcota,Deinococci,Deinococcales,Deinococcaceae,Deinococcus,Deinococcus radiodurans,2088,1,1,1,0,0,Deinococcus,radiodurans,TRUE
,,Pseudomonadota,Gammaproteobacteria,Moraxellales,Moraxellaceae,Acinetobacter,Acinetobacter baumannii,2041,1,1,1,0,0,Acinetobacter,baumannii,TRUE
,,Pseudomonadota,Betaproteobacteria,Neisseriales,Neisseriaceae,Neisseria,Neisseria meningitidis,1908,1,1,1,0,0,Neisseria,meningitidis,TRUE
,,Bacillota,Bacilli,Lactobacillales,Streptococcaceae,Streptococcus,Streptococcus mutans,1652,1,1,1,0,0,Streptococcus,mutans,TRUE
,,Actinomycetota,Actinomycetes,Actinomycetales,Actinomycetaceae,Schaalia,Schaalia odontolytica,1531,1,1,1,0,0,Schaalia,odontolytica,TRUE
,,Pseudomonadota,Gammaproteobacteria,Pseudomonadales,Pseudomonadaceae,Pseudomonas,Pseudomonas aeruginosa,1530,2,1,1,1,0,Pseudomonas,aeruginosa,TRUE
,,Bacillota,Bacilli,Bacillales,Listeriaceae,Listeria,Listeria innocua,1467,5,1,1,1,0,Listeria,innocua,TRUE
,,Campylobacterota,Epsilonproteobacteria,Campylobacterales,Helicobacteraceae,Helicobacter,Helicobacter pylori,1399,1,1,1,0,0,Helicobacter,pylori,TRUE
,,Pseudomonadota,Gammaproteobacteria,Enterobacterales,Enterobacteriaceae,Escherichia,Escherichia coli,1293,7,1,1,1,1,Escherichia,boydii,TRUE
,,Bacillota,Bacilli,Lactobacillales,Enterococcaceae,Enterococcus,Enterococcus faecalis,1224,9,0,1,1,0,Enterococcus,canis,FALSE
,,Bacillota,Bacilli,Lactobacillales,Streptococcaceae,Streptococcus,Streptococcus agalactiae,1223,1,1,1,0,0,Streptococcus,agalactiae,TRUE
,,Bacillota,Bacilli,Lactobacillales,Lactobacillaceae,Lactobacillus,Lactobacillus gasseri,1033,9,1,1,1,0.5,Lactobacillus,gasseri,TRUE
,,Pseudomonadota,Alphaproteobacteria,Rhodobacterales,Paracoccaceae,Cereibacter,Cereibacter sphaeroides,912,2,1,1,1,0,Cereibacter,johrii,TRUE
,,Bacteroidota,Bacteroidia,Bacteroidales,Porphyromonadaceae,Porphyromonas,Porphyromonas gingivalis,659,1,1,1,0,0,Porphyromonas,gingivalis,TRUE
,,Actinomycetota,Actinomycetes,Propionibacteriales,Propionibacteriaceae,Cutibacterium,Cutibacterium acnes,340,1,1,1,0,0,Cutibacterium,acnes,TRUE
,,Bacillota,Bacilli,Lactobacillales,Streptococcaceae,Streptococcus,Streptococcus pneumoniae,157,2,1,1,1,0,Streptococcus,pneumoniae,TRUE
,,Bacteroidota,Bacteroidia,Bacteroidales,Prevotellaceae,Segatella,Segatella copri,81,1,1,1,0,0,Segatella,copri,TRUE
,,Bacillota,Bacilli,Bacillales,Staphylococcaceae,Staphylococcus,Staphylococcus kloosii,60,2,1,1,1,0,Staphylococcus,arlettae,TRUE
,,Bacillota,Bacilli,Bacillales,Bacillaceae,Bacillus,Bacillus manliponensis,37,10,0,1,1,0,Bacillus,albus,FALSE
,,Bacillota,Bacilli,Lactobacillales,Enterococcaceae,Enterococcus,Enterococcus hirae,42,14,0.571428571428571,0.857142857142857,1,0.142857142857143,Enterococcus,canis,TRUE
,,Bacillota,Bacilli,Bacillales,Staphylococcaceae,Staphylococcus,Staphylococcus epidermidis,25.5,8,1,1,1,0,Staphylococcus,aureus,TRUE
,,Bacillota,Bacilli,Bacillales,Planococcaceae,Viridibacillus,Viridibacillus arvi,12,10,0,0,1,1,Bacillus,albus,FALSE
,,Bacillota,Negativicutes,Acidaminococcales,Acidaminococcaceae,Phascolarctobacterium,Phascolarctobacterium faecium,8,1,1,1,0,0,Phascolarctobacterium,faecium,TRUE
,,Bacillota,Bacilli,Lactobacillales,Enterococcaceae,Enterococcus,Enterococcus saccharolyticus,5.5,3,1,1,1,0,Enterococcus,casseliflavus,TRUE
,,Bacillota,Bacilli,Bacillales,Listeriaceae,Listeria,Listeria welshimeri,4,6,1,1,1,0,Listeria,innocua,TRUE
,,Bacillota,Bacilli,Lactobacillales,Enterococcaceae,Enterococcus,Enterococcus wangshanyuanii,4,1,0,0,1,1,Halalkalibacter,oceani,FALSE
,,Pseudomonadota,Gammaproteobacteria,Enterobacterales,Enterobacteriaceae,Cronobacter,Cronobacter dublinensis,4,9,0,1,1,1,Cronobacter,[Pantoea] beijingensis,FALSE
,,Bacillota,Bacilli,Bacillales,Staphylococcaceae,Mammaliicoccus,Mammaliicoccus sciuri,3,6,1,1,1,1,Mammaliicoccus,fleurettii,TRUE
,,Bacteroidota,Bacteroidia,Bacteroidales,Bacteroidaceae,Bacteroides,Bacteroides caccae,3,1,1,1,0,0,Bacteroides,caccae,TRUE
,,Bacillota,Bacilli,Lactobacillales,Lactobacillaceae,Lactobacillus,Lactobacillus helveticus,2,8,1,1,1,0,Lactobacillus,acidophilus,TRUE
,,Bacillota,Bacilli,Lactobacillales,Streptococcaceae,Streptococcus,Streptococcus phocae,2,1,1,1,0,0,Streptococcus,phocae,TRUE
,,Bacillota,Clostridia,Eubacteriales,Oscillospiraceae,Faecalibacterium,Faecalibacterium prausnitzii,2,1,1,1,0,0,Faecalibacterium,prausnitzii,TRUE
,,Bacteroidota,Bacteroidia,Bacteroidales,Bacteroidaceae,Bacteroides,Bacteroides caecimuris,2,5,0,1,1,0,Bacteroides,faecichinchillae,FALSE
,,Bacteroidota,Bacteroidia,Bacteroidales,Bacteroidaceae,Phocaeicola,Phocaeicola massiliensis,2,1,1,1,0,0,Phocaeicola,massiliensis,TRUE
,,Pseudomonadota,Gammaproteobacteria,Lysobacterales,Lysobacteraceae,Stenotrophomonas,Stenotrophomonas geniculata,2,3,1,1,1,0,Stenotrophomonas,geniculata,TRUE
,,Bacillota,Bacilli,Bacillales,Bacillaceae,Bacillus,Bacillus cytotoxicus,1,3,1,1,1,1,Bacillus,acidicola,TRUE
,,Bacillota,Bacilli,Bacillales,Bacillaceae,Halalkalibacter,Halalkalibacter oceani,1,6,1,1,1,1,Listeria,innocua,TRUE
,,Bacillota,Bacilli,Bacillales,Bacillaceae,Lottiidibacillus,Lottiidibacillus patelloidae,1,1,1,1,0,0,Lottiidibacillus,patelloidae,TRUE
,,Bacillota,Bacilli,Bacillales,Planococcaceae,Viridibacillus,Viridibacillus arenosi,1,4,1,1,1,1,Viridibacillus,arenosi,TRUE
,,Bacillota,Bacilli,Bacillales,Salinicoccaceae,Lacicoccus,Lacicoccus kunmingensis,1,3,1,1,1,1,Aliicoccus,kunmingensis,TRUE
,,Bacillota,Bacilli,Lactobacillales,Enterococcaceae,Enterococcus,Enterococcus casseliflavus,1.5,3,1,1,1,0,Enterococcus,casseliflavus,TRUE
,,Bacillota,Bacilli,Lactobacillales,Enterococcaceae,Vagococcus,Vagococcus entomophilus,1,1,1,1,0,0,Vagococcus,entomophilus,TRUE
,,Bacillota,Clostridia,Eubacteriales,Butyricicoccaceae,Agathobaculum,Agathobaculum butyriciproducens,1,2,1,1,1,1,Agathobaculum,butyriciproducens,TRUE
,,Bacillota,Clostridia,Eubacteriales,Butyricicoccaceae,Butyricicoccus,Butyricicoccus faecihominis,1,2,1,1,1,1,Agathobaculum,butyriciproducens,TRUE
,,Bacillota,Clostridia,Eubacteriales,Oscillospiraceae,Ruminococcus,Ruminococcus callidus,1,1,1,1,0,0,Ruminococcus,callidus,TRUE
,,Bacteroidota,Bacteroidia,Bacteroidales,Bacteroidaceae,Bacteroides,Bacteroides stercoris,1,1,1,1,0,0,Bacteroides,stercoris,TRUE
,,Bacteroidota,Bacteroidia,Bacteroidales,Rikenellaceae,Alistipes,Alistipes finegoldii,1,1,1,1,0,0,Alistipes,finegoldii,TRUE
,,Bacteroidota,Bacteroidia,Bacteroidales,Rikenellaceae,Alistipes,Alistipes putredinis,1,1,1,1,0,0,Alistipes,putredinis,TRUE
,,Bacteroidota,Bacteroidia,Bacteroidales,Tannerellaceae,Parabacteroides,Parabacteroides distasonis,1,1,1,1,0,0,Parabacteroides,distasonis,TRUE
,,Bacteroidota,Bacteroidia,Bacteroidales,Tannerellaceae,Parabacteroides,Parabacteroides merdae,1,1,1,1,0,0,Parabacteroides,merdae,TRUE
,,Pseudomonadota,Gammaproteobacteria,Enterobacterales,Enterobacteriaceae,Escherichia,Escherichia marmotae,1,7,1,1,1,1,Escherichia,boydii,TRUE
,,Pseudomonadota,Gammaproteobacteria,Enterobacterales,Erwiniaceae,Pantoea,Pantoea ananatis,1,1,0,1,1,0,Pantoea,agglomerans,FALSE
