superkingdom,kingdom,phylum,class,order,family,genus,species,reassigned_read_count,uniqueness_score,species_percentage_hit,genus_percentage_hit,species_contaminant_score,genus_contaminant_score,best_hit_genus,best_hit_species,blast_validated
,,Bacillota,Bacilli,Bacillales,Staphylococcaceae,Staphylococcus,Staphylococcus aureus,26499,7,1,1,1,0,Staphylococcus,aureus,TRUE
,,Pseudomonadota,Gammaproteobacteria,Moraxellales,Moraxellaceae,Acinetobacter,Acinetobacter baumannii,22849,1,1,1,0,0,Acinetobacter,baumannii,TRUE
,,Bacillota,Clostridia,Eubacteriales,Clostridiaceae,Clostridium,Clostridium beijerinckii,19677.5,4,1,1,1,0,Clostridium,beijerinckii,TRUE
,,Bacillota,Bacilli,Bacillales,Bacillaceae,Bacillus,Bacillus cereus,19093,10,0,1,1,0,Bacillus,albus,FALSE
,,Bacteroidota,Bacteroidia,Bacteroidales,Bacteroidaceae,Phocaeicola,Phocaeicola vulgatus,11850,1,1,1,0,0,Phocaeicola,vulgatus,TRUE
,,Pseudomonadota,Betaproteobacteria,Neisseriales,Neisseriaceae,Neisseria,Neisseria meningitidis,11476,2,1,1,1,0,Neisseria,meningitidis,TRUE
,,Deinococcota,Deinococci,Deinococcales,Deinococcaceae,Deinococcus,Deinococcus radiodurans,10975,1,1,1,0,0,Deinococcus,radiodurans,TRUE
,,Pseudomonadota,Gammaproteobacteria,Pseudomonadales,Pseudomonadaceae,Pseudomonas,Pseudomonas aeruginosa,10609,3,1,1,1,0,Pseudomonas,aeruginosa,TRUE
,,Bacillota,Bacilli,Bacillales,Listeriaceae,Listeria,Listeria innocua,10568,5,1,1,1,0,Listeria,innocua,TRUE
,,Bacillota,Bacilli,Lactobacillales,Streptococcaceae,Streptococcus,Streptococcus mutans,9822,1,1,1,0,0,Streptococcus,mutans,TRUE
,,Campylobacterota,Epsilonproteobacteria,Campylobacterales,Helicobacteraceae,Helicobacter,Helicobacter pylori,8666,1,1,1,0,0,Helicobacter,pylori,TRUE
,,Pseudomonadota,Gammaproteobacteria,Enterobacterales,Enterobacteriaceae,Escherichia,Escherichia coli,8577,8,1,1,1,1,Shigella,coli,TRUE
,,Actinomycetota,Actinomycetes,Actinomycetales,Actinomycetaceae,Schaalia,Schaalia odontolytica,8087,1,1,1,0,0,Schaalia,odontolytica,TRUE
,,Bacillota,Bacilli,Lactobacillales,Enterococcaceae,Enterococcus,Enterococcus faecalis,7846,10,0.333333333333333,1,1,0,Enterococcus,canis,FALSE
,,Bacillota,Bacilli,Lactobacillales,Streptococcaceae,Streptococcus,Streptococcus agalactiae,7304,1,1,1,0,0,Streptococcus,agalactiae,TRUE
,,Bacillota,Bacilli,Lactobacillales,Lactobacillaceae,Lactobacillus,Lactobacillus gasseri,5295,7,1,1,1,0,Lactobacillus,gasseri,TRUE
,,Pseudomonadota,Alphaproteobacteria,Rhodobacterales,Paracoccaceae,Cereibacter,Cereibacter sphaeroides,4629,2,1,1,1,0,Cereibacter,johrii,TRUE
,,Bacteroidota,Bacteroidia,Bacteroidales,Porphyromonadaceae,Porphyromonas,Porphyromonas gingivalis,4405,1,1,1,0,0,Porphyromonas,gingivalis,TRUE
,,Bacillota,Bacilli,Bacillales,Staphylococcaceae,Staphylococcus,Staphylococcus epidermidis,1768,6,1,1,1,0,Staphylococcus,aureus,TRUE
,,Bacillota,Bacilli,Lactobacillales,Streptococcaceae,Streptococcus,Streptococcus pneumoniae,1046,2,1,1,1,0,Streptococcus,pneumoniae,TRUE
,,Actinomycetota,Actinomycetes,Propionibacteriales,Propionibacteriaceae,Cutibacterium,Cutibacterium acnes,834,1,1,1,0,0,Cutibacterium,acnes,TRUE
,,Bacteroidota,Bacteroidia,Bacteroidales,Prevotellaceae,Segatella,Segatella copri,536,1,1,1,0,0,Segatella,copri,TRUE
,,Bacillota,Bacilli,Lactobacillales,Enterococcaceae,Enterococcus,Enterococcus hirae,377.666666666667,12,1,1,1,0,Enterococcus,canis,TRUE
,,Bacillota,Bacilli,Bacillales,Staphylococcaceae,Staphylococcus,Staphylococcus kloosii,141,2,1,1,1,0,Staphylococcus,arlettae,TRUE
,,Bacillota,Bacilli,Bacillales,Bacillaceae,Bacillus,Bacillus manliponensis,47,10,0,1,1,0,Bacillus,albus,FALSE
,,Bacillota,Negativicutes,Acidaminococcales,Acidaminococcaceae,Phascolarctobacterium,Phascolarctobacterium faecium,36,1,1,1,0,0,Phascolarctobacterium,faecium,TRUE
,,Bacillota,Bacilli,Lactobacillales,Enterococcaceae,Enterococcus,Enterococcus thailandicus,28,14,0.5,1,1,0,Enterococcus,avium,FALSE
,,Bacillota,Clostridia,Eubacteriales,Oscillospiraceae,Faecalibacterium,Faecalibacterium prausnitzii,22,1,1,1,0,0,Faecalibacterium,prausnitzii,TRUE
,,Bacteroidota,Bacteroidia,Bacteroidales,Bacteroidaceae,Phocaeicola,Phocaeicola dorei,16,1,1,1,0,0,Phocaeicola,dorei,TRUE
,,Pseudomonadota,Gammaproteobacteria,Enterobacterales,Enterobacteriaceae,Shigella,Shigella dysenteriae,12,7,0,1,1,1,Escherichia,boydii,FALSE
,,Bacillota,Bacilli,Bacillales,Listeriaceae,Listeria,Listeria seeligeri,11,5,1,1,1,0,Listeria,innocua,TRUE
,,Bacillota,Bacilli,Bacillales,Planococcaceae,Viridibacillus,Viridibacillus arvi,11,10,0,0,1,1,Bacillus,albus,FALSE
,,Bacillota,Bacilli,Lactobacillales,Enterococcaceae,Enterococcus,Enterococcus dispar,15.6666666666667,16,0.75,1,1,0,Enterococcus,canis,TRUE
,,Bacteroidota,Bacteroidia,Bacteroidales,Bacteroidaceae,Bacteroides,Bacteroides caccae,8,1,1,1,0,0,Bacteroides,caccae,TRUE
,,Bacteroidota,Bacteroidia,Bacteroidales,Tannerellaceae,Parabacteroides,Parabacteroides merdae,8,1,1,1,0,0,Parabacteroides,merdae,TRUE
,,Pseudomonadota,Gammaproteobacteria,Enterobacterales,Enterobacteriaceae,Escherichia,Escherichia fergusonii,8,13,0.5,0.5,1,1,Cronobacter,iniecta,FALSE
,,Bacillota,Bacilli,Lactobacillales,Enterococcaceae,Enterococcus,Enterococcus faecium,11.6666666666667,16,0.75,1,1,0,Enterococcus,canis,TRUE
,,Bacillota,Bacilli,Bacillales,Listeriaceae,Listeria,Listeria grayi,6,7,0,0,1,1,Enterococcus,crotali,FALSE
,,Bacillota,Clostridia,Eubacteriales,Clostridiaceae,Clostridium,Clostridium puniceum,7.5,1,1,1,0,0,Clostridium,puniceum,TRUE
,,Bacillota,Clostridia,Eubacteriales,,Gemmiger,Gemmiger formicilis,6,1,1,1,0,0,Gemmiger,formicilis,TRUE
,,Bacteroidota,Bacteroidia,Bacteroidales,Bacteroidaceae,Phocaeicola,Phocaeicola massiliensis,6,1,1,1,0,0,Phocaeicola,massiliensis,TRUE
,,Bacteroidota,Bacteroidia,Bacteroidales,Barnesiellaceae,Barnesiella,Barnesiella intestinihominis,6,1,1,1,0,0,Barnesiella,intestinihominis,TRUE
,,Bacteroidota,Bacteroidia,Bacteroidales,Rikenellaceae,Alistipes,Alistipes putredinis,6,1,1,1,0,0,Alistipes,putredinis,TRUE
,,Pseudomonadota,Betaproteobacteria,Burkholderiales,Sphaerotilaceae,Piscinibacter,Piscinibacter defluvii,6,1,0,1,1,0,Piscinibacter,aquaticus,FALSE
,,Actinomycetota,Actinomycetes,Micromonosporales,Micromonosporaceae,Actinoplanes,Actinoplanes auranticolor,5,12,0.5,1,1,0.5,Actinoplanes,auranticolor,FALSE
,,Bacillota,Bacilli,Bacillales,Bacillaceae,Bacillus,Bacillus cytotoxicus,5,4,0,1,1,1,Bacillus,acidicola,FALSE
,,Bacillota,Bacilli,Bacillales,Listeriaceae,Listeria,Listeria welshimeri,5,6,1,1,1,0,Listeria,innocua,TRUE
,,Bacillota,Clostridia,Lachnospirales,Lachnospiraceae,Blautia,Blautia luti,5,2,0.5,1,0.5,0,Blautia,luti,FALSE
,,Bacteroidota,Bacteroidia,Bacteroidales,Bacteroidaceae,Bacteroides,Bacteroides xylanisolvens,5,3,0,1,1,0,Bacteroides,finegoldii,FALSE
,,Pseudomonadota,Alphaproteobacteria,Hyphomicrobiales,Methylobacteriaceae,Microvirga,Microvirga ossetica,5,7,1,1,1,0,Microvirga,aerophila,TRUE
,,Pseudomonadota,Alphaproteobacteria,Hyphomicrobiales,Methylobacteriaceae,Microvirga,Microvirga rosea,5,7,1,1,1,0,Microvirga,aerophila,TRUE
,,Pseudomonadota,Alphaproteobacteria,Hyphomicrobiales,Methylobacteriaceae,Microvirga,Microvirga zambiensis,5,7,1,1,1,0,Microvirga,aerophila,TRUE
,,Actinomycetota,Actinomycetes,Propionibacteriales,Nocardioidaceae,Nocardioides,Nocardioides islandensis,4,4,0,1,1,0,Nocardioides,ferulae,FALSE
,,Actinomycetota,Actinomycetes,Propionibacteriales,Nocardioidaceae,Nocardioides,Nocardioides marmoribigeumensis,4,1,1,1,0,0,Nocardioides,marmoribigeumensis,TRUE
,,Bacillota,Bacilli,Bacillales,Bacillaceae,Heyndrickxia,Heyndrickxia acidicola,4,4,1,1,1,1,Bacillus,acidicola,TRUE
,,Bacillota,Bacilli,Bacillales,Bacillaceae,Lottiidibacillus,Lottiidibacillus patelloidae,4,4,1,1,1,1,Bacillus,acidicola,TRUE
,,Bacillota,Bacilli,Lactobacillales,Enterococcaceae,Enterococcus,Enterococcus avium,4,10,0.75,0.75,1,0.5,Enterococcus,avium,TRUE
,,Bacillota,Bacilli,Lactobacillales,Enterococcaceae,Enterococcus,Enterococcus massiliensis,4,10,1,1,1,0,Enterococcus,canis,TRUE
,,Bacillota,Bacilli,Lactobacillales,Lactobacillaceae,Lactobacillus,Lactobacillus hominis,4,7,1,1,1,0,Lactobacillus,acidophilus,TRUE
,,Bacillota,Clostridia,Lachnospirales,Lachnospiraceae,Blautia,Blautia faecis,4,1,1,1,0,0,Blautia,faecis,TRUE
,,Bacteroidota,Bacteroidia,Bacteroidales,Bacteroidaceae,Bacteroides,Bacteroides stercoris,4,1,1,1,0,0,Bacteroides,stercoris,TRUE
,,Pseudomonadota,Betaproteobacteria,Burkholderiales,Sutterellaceae,Sutterella,Sutterella massiliensis,4,2,1,1,1,0,Sutterella,massiliensis,TRUE
,,Pseudomonadota,Betaproteobacteria,Burkholderiales,Sutterellaceae,Sutterella,Sutterella stercoricanis,4,2,1,1,1,0,Sutterella,massiliensis,TRUE
,,Pseudomonadota,Gammaproteobacteria,Pseudomonadales,Pseudomonadaceae,Pseudomonas,Pseudomonas indica,4,1,1,1,0,0,Pseudomonas,indica,TRUE
,,Actinomycetota,Actinomycetes,Pseudonocardiales,Pseudonocardiaceae,Pseudonocardia,Pseudonocardia hispaniensis,3,5,0,1,1,0,Pseudonocardia,halophobica,FALSE
,,Bacillota,Bacilli,Bacillales,Bacillaceae,Alkalihalobacillus,Alkalihalobacillus macyae,3,1,0,0,1,1,Halalkalibacter,oceani,FALSE
,,Bacillota,Bacilli,Bacillales,Bacillaceae,Bacillus,Bacillus mycoides,3,10,0,1,1,0,Bacillus,albus,FALSE
,,Bacillota,Bacilli,Bacillales,Bacillaceae,Lysinibacillus,Lysinibacillus composti,3,2,1,1,1,0,Lysinibacillus,alkaliphilus,TRUE
,,Bacillota,Clostridia,Eubacteriales,Clostridiaceae,Sarcina,Sarcina ventriculi,3,1,1,1,0,0,Sarcina,ventriculi,TRUE
,,Bacillota,Clostridia,Lachnospirales,Lachnospiraceae,Mediterraneibacter,Mediterraneibacter faecis,3,1,1,1,0,0,Mediterraneibacter,faecis,TRUE
,,Bacteroidota,Bacteroidia,Bacteroidales,Prevotellaceae,Paraprevotella,Paraprevotella clara,3,1,1,1,0,0,Paraprevotella,clara,TRUE
,,Bacteroidota,Bacteroidia,Bacteroidales,Rikenellaceae,Alistipes,Alistipes finegoldii,3,1,1,1,0,0,Alistipes,finegoldii,TRUE
,,Bacteroidota,Cytophagia,Cytophagales,Hymenobacteraceae,Adhaeribacter,Adhaeribacter terrae,3,2,1,1,1,0,Adhaeribacter,terrae,TRUE
,,Pseudomonadota,Alphaproteobacteria,Rhodospirillales,Azospirillaceae,Skermanella,Skermanella aerolata,3,1,1,1,0,0,Skermanella,aerolata,TRUE
,,Pseudomonadota,Alphaproteobacteria,Sphingomonadales,Sphingomonadaceae,Sphingomonas,Sphingomonas daechungensis,3,1,1,1,0,0,Sphingomonas,daechungensis,TRUE
,,Pseudomonadota,Betaproteobacteria,Burkholderiales,Sutterellaceae,Sutterella,Sutterella wadsworthensis,3,1,1,1,0,0,Sutterella,wadsworthensis,TRUE
,,Pseudomonadota,Gammaproteobacteria,Enterobacterales,Erwiniaceae,Erwinia,Erwinia mallotivora,3,6,1,1,1,1,Pantoea,[Curtobacterium] plantarum,TRUE
,,Pseudomonadota,Gammaproteobacteria,Enterobacterales,Erwiniaceae,Pantoea,Pantoea agglomerans,3,6,1,1,1,1,Pantoea,[Curtobacterium] plantarum,TRUE
,,Pseudomonadota,Gammaproteobacteria,Enterobacterales,Erwiniaceae,Pantoea,Pantoea brenneri,3,6,1,1,1,1,Pantoea,[Curtobacterium] plantarum,TRUE
,,Pseudomonadota,Gammaproteobacteria,Enterobacterales,Erwiniaceae,Pantoea,Pantoea eucalypti,3,6,1,1,1,1,Pantoea,[Curtobacterium] plantarum,TRUE
,,Pseudomonadota,Gammaproteobacteria,Enterobacterales,Erwiniaceae,Pantoea,Pantoea vagans,3,6,1,1,1,1,Pantoea,[Curtobacterium] plantarum,TRUE
,,Pseudomonadota,Gammaproteobacteria,Enterobacterales,Erwiniaceae,Pantoea,[Curtobacterium] plantarum,3,6,1,1,1,1,Pantoea,[Curtobacterium] plantarum,TRUE
,,Pseudomonadota,Gammaproteobacteria,Enterobacterales,Yersiniaceae,Serratia,Serratia marcescens,3,3,1,1,1,0,Serratia,marcescens,TRUE
,,Pseudomonadota,Gammaproteobacteria,Lysobacterales,Lysobacteraceae,Stenotrophomonas,Stenotrophomonas pavanii,3,3,1,1,1,0,Stenotrophomonas,geniculata,TRUE
,,Actinomycetota,Actinomycetes,Kitasatosporales,Streptomycetaceae,Streptomyces,Streptomyces libani,2,,,,,,,,
,,Actinomycetota,Actinomycetes,Micrococcales,Micrococcaceae,Arthrobacter,Arthrobacter alpinus,2,,,,,,,,
,,Actinomycetota,Actinomycetes,Micrococcales,Micrococcaceae,Arthrobacter,Arthrobacter cryoconiti,2,,,,,,,,
,,Actinomycetota,Actinomycetes,Micrococcales,Micrococcaceae,Arthrobacter,Arthrobacter dokdonellae,2,,,,,,,,
,,Actinomycetota,Actinomycetes,Micrococcales,Micrococcaceae,Arthrobacter,Arthrobacter globiformis,2,,,,,,,,
,,Actinomycetota,Actinomycetes,Micrococcales,Micrococcaceae,Arthrobacter,Arthrobacter humicola,2,,,,,,,,
,,Actinomycetota,Actinomycetes,Micrococcales,Micrococcaceae,Arthrobacter,Arthrobacter livingstonensis,2,,,,,,,,
,,Actinomycetota,Actinomycetes,Micrococcales,Micrococcaceae,Arthrobacter,Arthrobacter oryzae,2,,,,,,,,
,,Actinomycetota,Actinomycetes,Micrococcales,Micrococcaceae,Arthrobacter,Arthrobacter pascens,2,,,,,,,,
,,Actinomycetota,Actinomycetes,Micrococcales,Micrococcaceae,Arthrobacter,Arthrobacter pokkalii,2,,,,,,,,
,,Actinomycetota,Actinomycetes,Micrococcales,Micrococcaceae,Arthrobacter,Arthrobacter psychrochitiniphilus,2,,,,,,,,
,,Actinomycetota,Actinomycetes,Micrococcales,Micrococcaceae,Paeniglutamicibacter,Paeniglutamicibacter cryotolerans,2,,,,,,,,
,,Actinomycetota,Actinomycetes,Micrococcales,Micrococcaceae,Pseudarthrobacter,Pseudarthrobacter chlorophenolicus,2,,,,,,,,
,,Actinomycetota,Actinomycetes,Micrococcales,Micrococcaceae,Pseudarthrobacter,Pseudarthrobacter defluvii,2,,,,,,,,
,,Actinomycetota,Actinomycetes,Micrococcales,Micrococcaceae,Pseudarthrobacter,Pseudarthrobacter equi,2,,,,,,,,
,,Actinomycetota,Actinomycetes,Micrococcales,Micrococcaceae,Pseudarthrobacter,Pseudarthrobacter oxydans,2,,,,,,,,
,,Actinomycetota,Actinomycetes,Micrococcales,Micrococcaceae,Pseudarthrobacter,Pseudarthrobacter phenanthrenivorans,2,,,,,,,,
,,Actinomycetota,Actinomycetes,Micrococcales,Micrococcaceae,Pseudarthrobacter,Pseudarthrobacter polychromogenes,2,,,,,,,,
,,Actinomycetota,Actinomycetes,Micrococcales,Micrococcaceae,Pseudarthrobacter,Pseudarthrobacter scleromae,2,,,,,,,,
,,Actinomycetota,Actinomycetes,Micrococcales,Micrococcaceae,Pseudarthrobacter,Pseudarthrobacter siccitolerans,2,,,,,,,,
,,Actinomycetota,Actinomycetes,Micrococcales,Micrococcaceae,Pseudarthrobacter,Pseudarthrobacter sulfonivorans,2,,,,,,,,
,,Actinomycetota,Coriobacteriia,Coriobacteriales,Coriobacteriaceae,Collinsella,Collinsella aerofaciens,2,,,,,,,,
,,Actinomycetota,Thermoleophilia,Solirubrobacterales,Solirubrobacteraceae,Solirubrobacter,Solirubrobacter ginsenosidimutans,2,,,,,,,,
,,Actinomycetota,Thermoleophilia,Solirubrobacterales,Solirubrobacteraceae,Solirubrobacter,Solirubrobacter soli,2,,,,,,,,
,,Bacillota,Bacilli,Bacillales,Bacillaceae,Halalkalibacter,Halalkalibacter oceani,2,,,,,,,,
,,Bacillota,Bacilli,Bacillales,Bacillaceae,Sutcliffiella,Sutcliffiella cohnii,2,,,,,,,,
,,Bacillota,Bacilli,Bacillales,Listeriaceae,Listeria,Listeria monocytogenes,2,,,,,,,,
,,Bacillota,Bacilli,Bacillales,Staphylococcaceae,Macrococcus,Macrococcus bovicus,2,,,,,,,,
,,Bacillota,Bacilli,Bacillales,Staphylococcaceae,Macrococcus,Macrococcus brunensis,2,,,,,,,,
,,Bacillota,Bacilli,Bacillales,Staphylococcaceae,Macrococcus,Macrococcus carouselicus,2,,,,,,,,
,,Bacillota,Bacilli,Bacillales,Staphylococcaceae,Staphylococcus,Staphylococcus arlettae,2,,,,,,,,
,,Bacillota,Bacilli,Bacillales,Staphylococcaceae,Staphylococcus,Staphylococcus auricularis,2,,,,,,,,
,,Bacillota,Bacilli,Bacillales,Staphylococcaceae,Staphylococcus,Staphylococcus nepalensis,2,,,,,,,,
,,Bacillota,Bacilli,Bacillales,Staphylococcaceae,Staphylococcus,Staphylococcus pseudolugdunensis,2,,,,,,,,
,,Bacillota,Bacilli,Lactobacillales,Enterococcaceae,Enterococcus,Enterococcus caccae,2,,,,,,,,
,,Bacillota,Bacilli,Lactobacillales,Enterococcaceae,Enterococcus,Enterococcus quebecensis,2,,,,,,,,
,,Bacillota,Bacilli,Lactobacillales,Streptococcaceae,Streptococcus,Streptococcus troglodytae,2,,,,,,,,
,,Bacillota,Clostridia,Eubacteriales,Clostridiaceae,Clostridium,Clostridium algoriphilum,2,,,,,,,,
,,Bacillota,Clostridia,Eubacteriales,Clostridiaceae,Clostridium,Clostridium bowmanii,2,,,,,,,,
,,Bacillota,Clostridia,Eubacteriales,Clostridiaceae,Clostridium,Clostridium chromiireducens,2,,,,,,,,
,,Bacillota,Clostridia,Eubacteriales,Clostridiaceae,Clostridium,Clostridium estertheticum,2,,,,,,,,
,,Bacillota,Clostridia,Lachnospirales,Lachnospiraceae,Lachnospira,[Lactobacillus] rogosae,2,,,,,,,,
,,Bacteroidota,Bacteroidia,Bacteroidales,Tannerellaceae,Parabacteroides,Parabacteroides distasonis,2,,,,,,,,
,,Pseudomonadota,Alphaproteobacteria,Caulobacterales,Caulobacteraceae,Phenylobacterium,Phenylobacterium muchangponense,2,,,,,,,,
,,Pseudomonadota,Alphaproteobacteria,Hyphomicrobiales,Hyphomicrobiaceae,Hyphomicrobium,Hyphomicrobium facile,2,,,,,,,,
,,Pseudomonadota,Alphaproteobacteria,Hyphomicrobiales,Nitrobacteraceae,Bradyrhizobium,Bradyrhizobium betae,2,,,,,,,,
,,Pseudomonadota,Alphaproteobacteria,Hyphomicrobiales,Nitrobacteraceae,Bradyrhizobium,Bradyrhizobium daqingense,2,,,,,,,,
,,Pseudomonadota,Alphaproteobacteria,Hyphomicrobiales,Nitrobacteraceae,Bradyrhizobium,Bradyrhizobium denitrificans,2,,,,,,,,
,,Pseudomonadota,Alphaproteobacteria,Hyphomicrobiales,Nitrobacteraceae,Bradyrhizobium,Bradyrhizobium diazoefficiens,2,,,,,,,,
,,Pseudomonadota,Alphaproteobacteria,Hyphomicrobiales,Nitrobacteraceae,Bradyrhizobium,Bradyrhizobium elkanii,2,,,,,,,,
,,Pseudomonadota,Alphaproteobacteria,Hyphomicrobiales,Nitrobacteraceae,Bradyrhizobium,Bradyrhizobium embrapense,2,,,,,,,,
,,Pseudomonadota,Alphaproteobacteria,Hyphomicrobiales,Nitrobacteraceae,Bradyrhizobium,Bradyrhizobium liaoningense,2,,,,,,,,
,,Pseudomonadota,Alphaproteobacteria,Hyphomicrobiales,Nitrobacteraceae,Bradyrhizobium,Bradyrhizobium oligotrophicum,2,,,,,,,,
,,Pseudomonadota,Alphaproteobacteria,Hyphomicrobiales,Nitrobacteraceae,Bradyrhizobium,Bradyrhizobium ottawaense,2,,,,,,,,
,,Pseudomonadota,Alphaproteobacteria,Sphingomonadales,Sphingomonadaceae,Sphingomonas,Sphingomonas oryziterrae,2,,,,,,,,
,,Pseudomonadota,Gammaproteobacteria,Enterobacterales,Enterobacteriaceae,Cronobacter,Cronobacter dublinensis,2,,,,,,,,
,,Pseudomonadota,Gammaproteobacteria,Enterobacterales,Enterobacteriaceae,Shigella,Shigella sonnei,2,,,,,,,,
,,Pseudomonadota,Gammaproteobacteria,Steroidobacterales,Steroidobacteraceae,Povalibacter,Povalibacter uvarum,2,,,,,,,,
,,Verrucomicrobiota,Verrucomicrobiia,Verrucomicrobiales,Verrucomicrobiaceae,Luteolibacter,Luteolibacter gellanilyticus,2,,,,,,,,
,,Acidobacteriota,Blastocatellia,Blastocatellales,Blastocatellaceae,Aridibacter,Aridibacter famidurans,1,,,,,,,,
,,Acidobacteriota,Blastocatellia,Blastocatellales,Blastocatellaceae,Aridibacter,Aridibacter nitratireducens,1,,,,,,,,
,,Actinomycetota,Actinomycetes,Actinomycetales,Actinomycetaceae,Schaalia,Schaalia cardiffensis,1,,,,,,,,
,,Actinomycetota,Actinomycetes,Actinomycetales,Actinomycetaceae,Schaalia,Schaalia meyeri,1,,,,,,,,
,,Actinomycetota,Actinomycetes,Geodermatophilales,Geodermatophilaceae,Blastococcus,Blastococcus colisei,1,,,,,,,,
,,Actinomycetota,Actinomycetes,Geodermatophilales,Geodermatophilaceae,Blastococcus,Blastococcus deserti,1,,,,,,,,
,,Actinomycetota,Actinomycetes,Kineosporiales,Kineosporiaceae,Kineosporia,Kineosporia rhamnosa,1,,,,,,,,
,,Actinomycetota,Actinomycetes,Kitasatosporales,Streptomycetaceae,Streptomyces,Streptomyces adustus,1,,,,,,,,
,,Actinomycetota,Actinomycetes,Kitasatosporales,Streptomycetaceae,Streptomyces,Streptomyces antibioticus,1,,,,,,,,
,,Actinomycetota,Actinomycetes,Kitasatosporales,Streptomycetaceae,Streptomyces,Streptomyces aureocirculatus,1,,,,,,,,
,,Actinomycetota,Actinomycetes,Kitasatosporales,Streptomycetaceae,Streptomyces,Streptomyces avermitilis,1,,,,,,,,
,,Actinomycetota,Actinomycetes,Kitasatosporales,Streptomycetaceae,Streptomyces,Streptomyces californicus,1,,,,,,,,
,,Actinomycetota,Actinomycetes,Kitasatosporales,Streptomycetaceae,Streptomyces,Streptomyces canus,1,,,,,,,,
,,Actinomycetota,Actinomycetes,Kitasatosporales,Streptomycetaceae,Streptomyces,Streptomyces chartreusis,1,,,,,,,,
,,Actinomycetota,Actinomycetes,Kitasatosporales,Streptomycetaceae,Streptomyces,Streptomyces curacoi,1,,,,,,,,
,,Actinomycetota,Actinomycetes,Kitasatosporales,Streptomycetaceae,Streptomyces,Streptomyces cyaneus,1,,,,,,,,
,,Actinomycetota,Actinomycetes,Kitasatosporales,Streptomycetaceae,Streptomyces,Streptomyces cyslabdanicus,1,,,,,,,,
,,Actinomycetota,Actinomycetes,Kitasatosporales,Streptomycetaceae,Streptomyces,Streptomyces galbus,1,,,,,,,,
,,Actinomycetota,Actinomycetes,Kitasatosporales,Streptomycetaceae,Streptomyces,Streptomyces galilaeus,1,,,,,,,,
,,Actinomycetota,Actinomycetes,Kitasatosporales,Streptomycetaceae,Streptomyces,Streptomyces lucensis,1,,,,,,,,
,,Actinomycetota,Actinomycetes,Kitasatosporales,Streptomycetaceae,Streptomyces,Streptomyces mirabilis,1,,,,,,,,
,,Actinomycetota,Actinomycetes,Kitasatosporales,Streptomycetaceae,Streptomyces,Streptomyces monashensis,1,,,,,,,,
,,Actinomycetota,Actinomycetes,Kitasatosporales,Streptomycetaceae,Streptomyces,Streptomyces niveoruber,1,,,,,,,,
,,Actinomycetota,Actinomycetes,Kitasatosporales,Streptomycetaceae,Streptomyces,Streptomyces phaeochromogenes,1,,,,,,,,
,,Actinomycetota,Actinomycetes,Kitasatosporales,Streptomycetaceae,Streptomyces,Streptomyces phaeofaciens,1,,,,,,,,
,,Actinomycetota,Actinomycetes,Kitasatosporales,Streptomycetaceae,Streptomyces,Streptomyces plumbiresistens,1,,,,,,,,
,,Actinomycetota,Actinomycetes,Kitasatosporales,Streptomycetaceae,Streptomyces,Streptomyces prunicolor,1,,,,,,,,
,,Actinomycetota,Actinomycetes,Kitasatosporales,Streptomycetaceae,Streptomyces,Streptomyces pseudovenezuelae,1,,,,,,,,
,,Actinomycetota,Actinomycetes,Kitasatosporales,Streptomycetaceae,Streptomyces,Streptomyces rameus,1,,,,,,,,
,,Actinomycetota,Actinomycetes,Kitasatosporales,Streptomycetaceae,Streptomyces,Streptomyces regensis,1,,,,,,,,
,,Actinomycetota,Actinomycetes,Kitasatosporales,Streptomycetaceae,Streptomyces,Streptomyces umbrinus,1,,,,,,,,
,,Actinomycetota,Actinomycetes,Micrococcales,Intrasporangiaceae,Humibacillus,Humibacillus xanthopallidus,1,,,,,,,,
,,Actinomycetota,Actinomycetes,Micrococcales,Intrasporangiaceae,Intrasporangium,Intrasporangium calvum,1,,,,,,,,
,,Actinomycetota,Actinomycetes,Micrococcales,Intrasporangiaceae,Intrasporangium,Intrasporangium oryzae,1,,,,,,,,
,,Actinomycetota,Actinomycetes,Micrococcales,Microbacteriaceae,Microbacterium,Microbacterium pygmaeum,1,,,,,,,,
,,Actinomycetota,Actinomycetes,Micromonosporales,Micromonosporaceae,Paractinoplanes,Paractinoplanes globisporus,1,,,,,,,,
,,Actinomycetota,Actinomycetes,Mycobacteriales,Mycobacteriaceae,Mycolicibacterium,Mycolicibacterium obuense,1,,,,,,,,
,,Actinomycetota,Actinomycetes,Propionibacteriales,Kribbellaceae,Kribbella,Kribbella albertanoniae,1,,,,,,,,
,,Actinomycetota,Actinomycetes,Propionibacteriales,Kribbellaceae,Kribbella,Kribbella antibiotica,1,,,,,,,,
,,Actinomycetota,Actinomycetes,Propionibacteriales,Kribbellaceae,Kribbella,Kribbella endophytica,1,,,,,,,,
,,Actinomycetota,Actinomycetes,Propionibacteriales,Kribbellaceae,Kribbella,Kribbella flavida,1,,,,,,,,
,,Actinomycetota,Actinomycetes,Propionibacteriales,Kribbellaceae,Kribbella,Kribbella pittospori,1,,,,,,,,
,,Actinomycetota,Actinomycetes,Propionibacteriales,Kribbellaceae,Kribbella,Kribbella swartbergensis,1,,,,,,,,
,,Actinomycetota,Actinomycetes,Propionibacteriales,Nocardioidaceae,Nocardioides,Nocardioides endophyticus,1,,,,,,,,
,,Actinomycetota,Actinomycetes,Propionibacteriales,Nocardioidaceae,Nocardioides,Nocardioides marinisabuli,1,,,,,,,,
,,Actinomycetota,Actinomycetes,Propionibacteriales,Propionibacteriaceae,Cutibacterium,Cutibacterium namnetense,1,,,,,,,,
,,Actinomycetota,Actinomycetes,Pseudonocardiales,Pseudonocardiaceae,Actinokineospora,Actinokineospora baliensis,1,,,,,,,,
,,Actinomycetota,Actinomycetes,Pseudonocardiales,Pseudonocardiaceae,Actinosynnema,Actinosynnema pretiosum,1,,,,,,,,
,,Actinomycetota,Actinomycetes,Pseudonocardiales,Pseudonocardiaceae,Lentzea,Lentzea kentuckyensis,1,,,,,,,,
,,Actinomycetota,Actinomycetes,Pseudonocardiales,Pseudonocardiaceae,Pseudonocardia,Pseudonocardia endophytica,1,,,,,,,,
,,Actinomycetota,Actinomycetes,Pseudonocardiales,Pseudonocardiaceae,Pseudonocardia,Pseudonocardia halophobica,1,,,,,,,,
,,Actinomycetota,Actinomycetes,Pseudonocardiales,Pseudonocardiaceae,Pseudonocardia,Pseudonocardia kujensis,1,,,,,,,,
,,Actinomycetota,Actinomycetes,Pseudonocardiales,Pseudonocardiaceae,Pseudonocardia,Pseudonocardia profundimaris,1,,,,,,,,
,,Actinomycetota,Actinomycetes,Pseudonocardiales,Pseudonocardiaceae,Pseudonocardia,Pseudonocardia soli,1,,,,,,,,
,,Actinomycetota,Actinomycetes,Pseudonocardiales,Pseudonocardiaceae,Pseudonocardia,Pseudonocardia thailandensis,1,,,,,,,,
,,Actinomycetota,Actinomycetes,Pseudonocardiales,Pseudonocardiaceae,Pseudonocardia,Pseudonocardia yuanmonensis,1,,,,,,,,
,,Actinomycetota,Actinomycetes,Streptosporangiales,Thermomonosporaceae,Actinomadura,Actinomadura algeriensis,1,,,,,,,,
,,Actinomycetota,Actinomycetes,Streptosporangiales,Thermomonosporaceae,Actinomadura,Actinomadura alkaliterrae,1,,,,,,,,
,,Actinomycetota,Actinomycetes,Streptosporangiales,Thermomonosporaceae,Actinomadura,Actinomadura apis,1,,,,,,,,
,,Actinomycetota,Actinomycetes,Streptosporangiales,Thermomonosporaceae,Actinomadura,Actinomadura bangladeshensis,1,,,,,,,,
,,Actinomycetota,Actinomycetes,Streptosporangiales,Thermomonosporaceae,Actinomadura,Actinomadura chibensis,1,,,,,,,,
,,Actinomycetota,Actinomycetes,Streptosporangiales,Thermomonosporaceae,Actinomadura,Actinomadura chokoriensis,1,,,,,,,,
,,Actinomycetota,Actinomycetes,Streptosporangiales,Thermomonosporaceae,Actinomadura,Actinomadura cremea,1,,,,,,,,
,,Actinomycetota,Actinomycetes,Streptosporangiales,Thermomonosporaceae,Actinomadura,Actinomadura geliboluensis,1,,,,,,,,
,,Actinomycetota,Actinomycetes,Streptosporangiales,Thermomonosporaceae,Actinomadura,Actinomadura glauciflava,1,,,,,,,,
,,Actinomycetota,Actinomycetes,Streptosporangiales,Thermomonosporaceae,Actinomadura,Actinomadura macra,1,,,,,,,,
,,Actinomycetota,Actinomycetes,Streptosporangiales,Thermomonosporaceae,Actinomadura,Actinomadura madurae,1,,,,,,,,
,,Actinomycetota,Actinomycetes,Streptosporangiales,Thermomonosporaceae,Actinomadura,Actinomadura maheshkhaliensis,1,,,,,,,,
,,Actinomycetota,Actinomycetes,Streptosporangiales,Thermomonosporaceae,Actinomadura,Actinomadura mexicana,1,,,,,,,,
,,Actinomycetota,Actinomycetes,Streptosporangiales,Thermomonosporaceae,Actinomadura,Actinomadura meyerae,1,,,,,,,,
,,Actinomycetota,Actinomycetes,Streptosporangiales,Thermomonosporaceae,Actinomadura,Actinomadura syzygii,1,,,,,,,,
,,Actinomycetota,Coriobacteriia,Eggerthellales,Eggerthellaceae,Slackia,Slackia piriformis,1,,,,,,,,
,,Bacillota,Bacilli,Bacillales,Bacillaceae,Anaerobacillus,Anaerobacillus arseniciselenatis,1,,,,,,,,
,,Bacillota,Bacilli,Bacillales,Bacillaceae,Gottfriedia,Gottfriedia luciferensis,1,,,,,,,,
,,Bacillota,Bacilli,Bacillales,Bacillaceae,Halalkalibacter,Halalkalibacter kiskunsagensis,1,,,,,,,,
,,Bacillota,Bacilli,Bacillales,Bacillaceae,Heyndrickxia,Heyndrickxia shackletonii,1,,,,,,,,
,,Bacillota,Bacilli,Bacillales,Listeriaceae,Listeria,Listeria marthii,1,,,,,,,,
,,Bacillota,Bacilli,Bacillales,Paenibacillaceae,Paenibacillus,Paenibacillus catalpae,1,,,,,,,,
,,Bacillota,Bacilli,Bacillales,Paenibacillaceae,Paenibacillus,Paenibacillus glycanilyticus,1,,,,,,,,
,,Bacillota,Bacilli,Bacillales,Paenibacillaceae,Paenibacillus,Paenibacillus gorillae,1,,,,,,,,
,,Bacillota,Bacilli,Bacillales,Paenibacillaceae,Paenibacillus,Paenibacillus lupini,1,,,,,,,,
,,Bacillota,Bacilli,Bacillales,Planococcaceae,Planococcus,Planococcus kocurii,1,,,,,,,,
,,Bacillota,Bacilli,Bacillales,Planococcaceae,Viridibacillus,Viridibacillus arenosi,1,,,,,,,,
,,Bacillota,Bacilli,Bacillales,Staphylococcaceae,Staphylococcus,Staphylococcus equorum,1,,,,,,,,
,,Bacillota,Bacilli,Lactobacillales,Enterococcaceae,Enterococcus,Enterococcus cecorum,1,,,,,,,,
,,Bacillota,Bacilli,Lactobacillales,Enterococcaceae,Enterococcus,Enterococcus lemanii,1,,,,,,,,
,,Bacillota,Bacilli,Lactobacillales,Enterococcaceae,Enterococcus,Enterococcus plantarum,1,,,,,,,,
,,Bacillota,Bacilli,Lactobacillales,Enterococcaceae,Enterococcus,Enterococcus wangshanyuanii,1,,,,,,,,
,,Bacillota,Bacilli,Lactobacillales,Lactobacillaceae,Lactobacillus,Lactobacillus pasteurii,1,,,,,,,,
,,Bacillota,Bacilli,Lactobacillales,Lactobacillaceae,Lentilactobacillus,Lentilactobacillus farraginis,1,,,,,,,,
,,Bacillota,Clostridia,Eubacteriales,Eubacteriaceae,Eubacterium,Eubacterium ramulus,1,,,,,,,,
,,Bacillota,Clostridia,Eubacteriales,Eubacteriaceae,Eubacterium,Eubacterium ventriosum,1,,,,,,,,
,,Bacillota,Clostridia,Eubacteriales,Oscillospiraceae,Lawsonibacter,Lawsonibacter asaccharolyticus,1,,,,,,,,
,,Bacillota,Clostridia,Eubacteriales,Oscillospiraceae,Ruminococcus,Ruminococcus callidus,1,,,,,,,,
,,Bacillota,Clostridia,Eubacteriales,Oscillospiraceae,Tepidibaculum,Tepidibaculum saccharolyticum,1,,,,,,,,
,,Bacillota,Clostridia,Lachnospirales,Lachnospiraceae,Agathobacter,Agathobacter rectalis,1,,,,,,,,
,,Bacillota,Clostridia,Lachnospirales,Lachnospiraceae,Anaerobutyricum,Anaerobutyricum hallii,1,,,,,,,,
,,Bacillota,Clostridia,Lachnospirales,Lachnospiraceae,Anaerostipes,Anaerostipes hadrus,1,,,,,,,,
,,Bacillota,Clostridia,Lachnospirales,Lachnospiraceae,Blautia,Blautia faecicola,1,,,,,,,,
,,Bacillota,Clostridia,Lachnospirales,Lachnospiraceae,Coprococcus,Coprococcus comes,1,,,,,,,,
,,Bacillota,Clostridia,Lachnospirales,Lachnospiraceae,Dorea,Dorea formicigenerans,1,,,,,,,,
,,Bacteroidota,Bacteroidia,Bacteroidales,Bacteroidaceae,Bacteroides,Bacteroides caecimuris,1,,,,,,,,
,,Bacteroidota,Bacteroidia,Bacteroidales,Bacteroidaceae,Bacteroides,Bacteroides uniformis,1,,,,,,,,
,,Bacteroidota,Bacteroidia,Bacteroidales,Odoribacteraceae,Odoribacter,Odoribacter splanchnicus,1,,,,,,,,
,,Bacteroidota,Bacteroidia,Bacteroidales,Porphyromonadaceae,Gabonibacter,Gabonibacter massiliensis,1,,,,,,,,
,,Bacteroidota,Bacteroidia,Bacteroidales,Porphyromonadaceae,Porphyromonas,Porphyromonas gulae,1,,,,,,,,
,,Bacteroidota,Bacteroidia,Bacteroidales,Rikenellaceae,Alistipes,Alistipes communis,1,,,,,,,,
,,Myxococcota,Myxococcia,Myxococcales,Archangiaceae,Archangium,Archangium disciforme,1,,,,,,,,
,,Myxococcota,Myxococcia,Myxococcales,Archangiaceae,Archangium,Archangium gephyra,1,,,,,,,,
,,Myxococcota,Myxococcia,Myxococcales,Archangiaceae,Archangium,Archangium minus,1,,,,,,,,
,,Myxococcota,Myxococcia,Myxococcales,Archangiaceae,Archangium,Archangium violaceum,1,,,,,,,,
,,Myxococcota,Myxococcia,Myxococcales,Archangiaceae,Hyalangium,Hyalangium minutum,1,,,,,,,,
,,Myxococcota,Myxococcia,Myxococcales,Archangiaceae,Vitiosangium,Vitiosangium cumulatum,1,,,,,,,,
,,Myxococcota,Myxococcia,Myxococcales,Archangiaceae,Vitiosangium,Vitiosangium subalbum,1,,,,,,,,
,,Nitrospirota,Nitrospiria,Nitrospirales,Nitrospiraceae,Nitrospira,Nitrospira japonica,1,,,,,,,,
,,Planctomycetota,Planctomycetia,Gemmatales,Gemmataceae,Gemmata,Gemmata massiliana,1,,,,,,,,
,,Planctomycetota,Planctomycetia,Pirellulales,Lacipirellulaceae,Lacipirellula,Lacipirellula limnantheis,1,,,,,,,,
,,Pseudomonadota,Alphaproteobacteria,Caulobacterales,Caulobacteraceae,Brevundimonas,Brevundimonas albigilva,1,,,,,,,,
,,Pseudomonadota,Alphaproteobacteria,Caulobacterales,Caulobacteraceae,Brevundimonas,Brevundimonas nasdae,1,,,,,,,,
,,Pseudomonadota,Alphaproteobacteria,Caulobacterales,Caulobacteraceae,Brevundimonas,Brevundimonas vesicularis,1,,,,,,,,
,,Pseudomonadota,Alphaproteobacteria,Hyphomicrobiales,Hyphomicrobiaceae,Hyphomicrobium,Hyphomicrobium aestuarii,1,,,,,,,,
,,Pseudomonadota,Alphaproteobacteria,Hyphomicrobiales,Hyphomicrobiaceae,Hyphomicrobium,Hyphomicrobium vulgare,1,,,,,,,,
,,Pseudomonadota,Alphaproteobacteria,Hyphomicrobiales,Methylobacteriaceae,Microvirga,Microvirga aerophila,1,,,,,,,,
,,Pseudomonadota,Alphaproteobacteria,Hyphomicrobiales,Methylobacteriaceae,Microvirga,Microvirga arabica,1,,,,,,,,
,,Pseudomonadota,Alphaproteobacteria,Hyphomicrobiales,Methylobacteriaceae,Microvirga,Microvirga soli,1,,,,,,,,
,,Pseudomonadota,Alphaproteobacteria,Hyphomicrobiales,Methylobacteriaceae,Microvirga,Microvirga vignae,1,,,,,,,,
,,Pseudomonadota,Alphaproteobacteria,Hyphomicrobiales,Phyllobacteriaceae,Mesorhizobium,Mesorhizobium albiziae,1,,,,,,,,
,,Pseudomonadota,Alphaproteobacteria,Hyphomicrobiales,Reyranellaceae,Reyranella,Reyranella soli,1,,,,,,,,
,,Pseudomonadota,Alphaproteobacteria,Hyphomicrobiales,Reyranellaceae,Reyranella,Reyranella terrae,1,,,,,,,,
,,Pseudomonadota,Alphaproteobacteria,Hyphomicrobiales,Rhizobiaceae,Mycoplana,Mycoplana azooxidifex,1,,,,,,,,
,,Pseudomonadota,Alphaproteobacteria,Hyphomicrobiales,Rhizobiaceae,Rhizobium,Rhizobium mesoamericanum,1,,,,,,,,
,,Pseudomonadota,Alphaproteobacteria,Hyphomicrobiales,Rhizobiaceae,Sinorhizobium,Sinorhizobium kostiense,1,,,,,,,,
,,Pseudomonadota,Alphaproteobacteria,Hyphomicrobiales,Rhizobiaceae,Sinorhizobium,Sinorhizobium saheli,1,,,,,,,,
,,Pseudomonadota,Alphaproteobacteria,Hyphomicrobiales,Rhizobiaceae,Sinorhizobium,Sinorhizobium terangae,1,,,,,,,,
,,Pseudomonadota,Alphaproteobacteria,Rhodobacterales,Roseobacteraceae,Loktanella,Loktanella atrilutea,1,,,,,,,,
,,Pseudomonadota,Alphaproteobacteria,Sphingomonadales,Sphingomonadaceae,Sphingomonas,Sphingomonas limnosediminicola,1,,,,,,,,
,,Pseudomonadota,Betaproteobacteria,Burkholderiales,Comamonadaceae,Paracidovorax,Paracidovorax anthurii,1,,,,,,,,
,,Pseudomonadota,Betaproteobacteria,Burkholderiales,Oxalobacteraceae,Massilia,Massilia atriviolacea,1,,,,,,,,
,,Pseudomonadota,Betaproteobacteria,Burkholderiales,Oxalobacteraceae,Massilia,Massilia glaciei,1,,,,,,,,
,,Pseudomonadota,Betaproteobacteria,Burkholderiales,Oxalobacteraceae,Pseudoduganella,Pseudoduganella namucuonensis,1,,,,,,,,
,,Pseudomonadota,Betaproteobacteria,Burkholderiales,,Aquabacterium,Aquabacterium limnoticum,1,,,,,,,,
,,Pseudomonadota,Betaproteobacteria,Neisseriales,Neisseriaceae,Neisseria,Neisseria polysaccharea,1,,,,,,,,
,,Pseudomonadota,Gammaproteobacteria,Enterobacterales,Enterobacteriaceae,Escherichia,Escherichia marmotae,1,,,,,,,,
,,Pseudomonadota,Gammaproteobacteria,Enterobacterales,Pectobacteriaceae,Pectobacterium,Pectobacterium carotovorum,1,,,,,,,,
,,Pseudomonadota,Gammaproteobacteria,Lysobacterales,Lysobacteraceae,Arenimonas,Arenimonas daechungensis,1,,,,,,,,
,,Pseudomonadota,Gammaproteobacteria,Lysobacterales,Lysobacteraceae,Lysobacter,Lysobacter soli,1,,,,,,,,
,,Pseudomonadota,Gammaproteobacteria,Lysobacterales,Lysobacteraceae,Noviluteimonas,Noviluteimonas dokdonensis,1,,,,,,,,
,,Pseudomonadota,Gammaproteobacteria,Pseudomonadales,Pseudomonadaceae,Geopseudomonas,Geopseudomonas guangdongensis,1,,,,,,,,
,,Pseudomonadota,Gammaproteobacteria,Pseudomonadales,Pseudomonadaceae,Stutzerimonas,Stutzerimonas stutzeri,1,,,,,,,,
,,Verrucomicrobiota,Verrucomicrobiia,Verrucomicrobiales,Akkermansiaceae,Akkermansia,Akkermansia muciniphila,1,,,,,,,,
