superkingdom,kingdom,phylum,class,order,family,genus,species,reassigned_read_count,uniqueness_score,species_percentage_hit,genus_percentage_hit,species_contaminant_score,genus_contaminant_score,best_hit_genus,best_hit_species,blast_validated
,,Pseudomonadota,Gammaproteobacteria,Moraxellales,Moraxellaceae,Acinetobacter,Acinetobacter baumannii,42032,1,1,1,0,0,Acinetobacter,baumannii,TRUE
,,Bacillota,Clostridia,Eubacteriales,Clostridiaceae,Clostridium,Clostridium beijerinckii,36502,4,1,1,1,0,Clostridium,beijerinckii,TRUE
,,Bacillota,Bacilli,Bacillales,Staphylococcaceae,Staphylococcus,Staphylococcus aureus,32695.6666666667,6,1,1,1,0,Staphylococcus,aureus,TRUE
,,Bacillota,Bacilli,Bacillales,Bacillaceae,Bacillus,Bacillus cereus,22053,10,0,1,1,0,Bacillus,albus,FALSE
,,Pseudomonadota,Betaproteobacteria,Neisseriales,Neisseriaceae,Neisseria,Neisseria meningitidis,18625,1,1,1,0,0,Neisseria,meningitidis,TRUE
,,Bacteroidota,Bacteroidia,Bacteroidales,Bacteroidaceae,Phocaeicola,Phocaeicola vulgatus,18434,1,1,1,0,0,Phocaeicola,vulgatus,TRUE
,,Deinococcota,Deinococci,Deinococcales,Deinococcaceae,Deinococcus,Deinococcus radiodurans,18315,1,1,1,0,0,Deinococcus,radiodurans,TRUE
,,Campylobacterota,Epsilonproteobacteria,Campylobacterales,Helicobacteraceae,Helicobacter,Helicobacter pylori,14807,1,1,1,0,0,Helicobacter,pylori,TRUE
,,Pseudomonadota,Gammaproteobacteria,Pseudomonadales,Pseudomonadaceae,Pseudomonas,Pseudomonas aeruginosa,14519,2,1,1,1,0,Pseudomonas,aeruginosa,TRUE
,,Bacillota,Bacilli,Lactobacillales,Streptococcaceae,Streptococcus,Streptococcus mutans,13210,1,1,1,0,0,Streptococcus,mutans,TRUE
,,Pseudomonadota,Gammaproteobacteria,Enterobacterales,Enterobacteriaceae,Escherichia,Escherichia coli,12455,8,1,1,1,1,Shigella,boydii,TRUE
,,Bacillota,Bacilli,Bacillales,Listeriaceae,Listeria,Listeria innocua,12028,5,1,1,1,0,Listeria,innocua,TRUE
,,Actinomycetota,Actinomycetes,Actinomycetales,Actinomycetaceae,Schaalia,Schaalia odontolytica,11167,1,1,1,0,0,Schaalia,odontolytica,TRUE
,,Bacillota,Bacilli,Lactobacillales,Enterococcaceae,Enterococcus,Enterococcus faecalis,9584,10,0,1,1,0,Enterococcus,canis,FALSE
,,Bacillota,Bacilli,Lactobacillales,Streptococcaceae,Streptococcus,Streptococcus agalactiae,7349,1,1,1,0,0,Streptococcus,agalactiae,TRUE
,,Pseudomonadota,Alphaproteobacteria,Rhodobacterales,Paracoccaceae,Cereibacter,Cereibacter sphaeroides,7101,2,1,1,1,0,Cereibacter,johrii,TRUE
,,Bacillota,Bacilli,Lactobacillales,Lactobacillaceae,Lactobacillus,Lactobacillus gasseri,6549,4,1,1,1,0,Lactobacillus,gasseri,TRUE
,,Bacteroidota,Bacteroidia,Bacteroidales,Porphyromonadaceae,Porphyromonas,Porphyromonas gingivalis,5627,1,1,1,0,0,Porphyromonas,gingivalis,TRUE
,,Bacillota,Bacilli,Lactobacillales,Streptococcaceae,Streptococcus,Streptococcus pneumoniae,1222,2,1,1,1,0,Streptococcus,pneumoniae,TRUE
,,Bacteroidota,Bacteroidia,Bacteroidales,Prevotellaceae,Segatella,Segatella copri,720,1,1,1,0,0,Segatella,copri,TRUE
,,Actinomycetota,Actinomycetes,Propionibacteriales,Propionibacteriaceae,Cutibacterium,Cutibacterium acnes,559,1,1,1,0,0,Cutibacterium,acnes,TRUE
,,Bacillota,Bacilli,Lactobacillales,Enterococcaceae,Enterococcus,Enterococcus hirae,636.5,9,1,1,1,0,Enterococcus,canis,TRUE
,,Bacillota,Bacilli,Bacillales,Staphylococcaceae,Staphylococcus,Staphylococcus arlettae,321.666666666667,2,1,1,1,0,Staphylococcus,arlettae,TRUE
,,Bacillota,Bacilli,Bacillales,Bacillaceae,Bacillus,Bacillus manliponensis,152,10,0,1,1,0,Bacillus,albus,FALSE
,,Bacillota,Negativicutes,Acidaminococcales,Acidaminococcaceae,Phascolarctobacterium,Phascolarctobacterium faecium,62,1,1,1,0,0,Phascolarctobacterium,faecium,TRUE
,,Bacillota,Bacilli,Lactobacillales,Enterococcaceae,Enterococcus,Enterococcus phoeniculicola,41,17,1,1,1,0.5,Enterococcus,crotali,TRUE
,,Bacillota,Clostridia,Eubacteriales,Oscillospiraceae,Faecalibacterium,Faecalibacterium prausnitzii,35,1,1,1,0,0,Faecalibacterium,prausnitzii,TRUE
,,Bacillota,Bacilli,Bacillales,Bacillaceae,Bacillus,Bacillus cytotoxicus,32,10,0,1,1,0,Bacillus,albus,FALSE
,,Bacteroidota,Bacteroidia,Bacteroidales,Bacteroidaceae,Phocaeicola,Phocaeicola massiliensis,22,1,1,1,0,0,Phocaeicola,massiliensis,TRUE
,,Bacillota,Bacilli,Bacillales,Listeriaceae,Listeria,Listeria welshimeri,25,6,1,1,1,0,Listeria,innocua,TRUE
,,Bacillota,Bacilli,Bacillales,Planococcaceae,Viridibacillus,Viridibacillus arvi,19,10,0,0,1,1,Bacillus,albus,FALSE
,,Bacillota,Bacilli,Lactobacillales,Enterococcaceae,Enterococcus,Enterococcus faecium,32.5,16,0.75,1,1,0,Enterococcus,canis,TRUE
,,Bacteroidota,Bacteroidia,Bacteroidales,Bacteroidaceae,Bacteroides,Bacteroides caccae,16,1,1,1,0,0,Bacteroides,caccae,TRUE
,,Bacteroidota,Bacteroidia,Bacteroidales,Tannerellaceae,Parabacteroides,Parabacteroides merdae,12,1,1,1,0,0,Parabacteroides,merdae,TRUE
,,Bacteroidota,Bacteroidia,Bacteroidales,Rikenellaceae,Alistipes,Alistipes putredinis,11,1,1,1,0,0,Alistipes,putredinis,TRUE
,,Pseudomonadota,Gammaproteobacteria,Pseudomonadales,Pseudomonadaceae,Pseudomonas,Pseudomonas indica,11,1,1,1,0,0,Pseudomonas,indica,TRUE
,,Bacillota,Clostridia,Eubacteriales,Oscillospiraceae,Ruminococcus,Ruminococcus callidus,10,1,1,1,0,0,Ruminococcus,callidus,TRUE
,,Bacillota,Bacilli,Lactobacillales,Enterococcaceae,Enterococcus,Enterococcus thailandicus,9,16,1,1,1,0,Enterococcus,crotali,TRUE
,,Pseudomonadota,Betaproteobacteria,Burkholderiales,Sphaerotilaceae,Piscinibacter,Piscinibacter defluvii,9,1,1,1,0,0,Piscinibacter,defluvii,TRUE
,,Actinomycetota,Actinomycetes,Pseudonocardiales,Pseudonocardiaceae,Pseudonocardia,Pseudonocardia acaciae,8,7,1,1,1,0,Pseudonocardia,acaciae,TRUE
,,Bacillota,Bacilli,Bacillales,Staphylococcaceae,Staphylococcus,Staphylococcus kloosii,9.66666666666667,2,1,1,1,0,Staphylococcus,arlettae,TRUE
,,Bacteroidota,Bacteroidia,Bacteroidales,Bacteroidaceae,Bacteroides,Bacteroides stercoris,7,1,1,1,0,0,Bacteroides,stercoris,TRUE
,,Bacteroidota,Bacteroidia,Bacteroidales,Tannerellaceae,Parabacteroides,Parabacteroides distasonis,7,1,1,1,0,0,Parabacteroides,distasonis,TRUE
,,Bacillota,Bacilli,Bacillales,Bacillaceae,Alkalihalobacillus,Alkalihalobacillus macyae,6,4,1,1,1,1,Halalkalibacter,hemicellulosilyticus,TRUE
,,Bacillota,Bacilli,Bacillales,Bacillaceae,Halalkalibacter,Halalkalibacter oceani,6,1,0,1,1,0,Halalkalibacter,urbisdiaboli,FALSE
,,Bacillota,Bacilli,Bacillales,Bacillaceae,Lottiidibacillus,Lottiidibacillus patelloidae,6,5,0,0,1,1,Halalkalibacter,alkalisediminis,FALSE
,,Bacillota,Bacilli,Bacillales,Planococcaceae,Planococcus,Planococcus antarcticus,6,10,0,1,1,1,Planococcus,citreus,FALSE
,,Bacillota,Bacilli,Lactobacillales,Lactobacillaceae,Lactobacillus,Lactobacillus johnsonii,8,7,1,1,1,0,Lactobacillus,acidophilus,TRUE
,,Bacillota,Clostridia,Eubacteriales,,Gemmiger,Gemmiger formicilis,6,1,1,1,0,0,Gemmiger,formicilis,TRUE
,,Bacillota,Clostridia,Lachnospirales,Lachnospiraceae,Blautia,Blautia wexlerae,6,1,1,1,0,0,Blautia,wexlerae,TRUE
,,Bacteroidota,Bacteroidia,Bacteroidales,Bacteroidaceae,Bacteroides,Bacteroides finegoldii,6,6,0,1,1,0,Bacteroides,faecichinchillae,FALSE
,,Bacteroidota,Bacteroidia,Bacteroidales,Barnesiellaceae,Barnesiella,Barnesiella intestinihominis,6,1,1,1,0,0,Barnesiella,intestinihominis,TRUE
,,Pseudomonadota,Gammaproteobacteria,Enterobacterales,Enterobacteriaceae,Escherichia,Escherichia fergusonii,6,11,1,1,1,1,Shigella,fergusonii,TRUE
,,Actinomycetota,Thermoleophilia,Solirubrobacterales,Solirubrobacteraceae,Solirubrobacter,Solirubrobacter ginsenosidimutans,5,2,1,1,1,0,Solirubrobacter,ginsenosidimutans,TRUE
,,Actinomycetota,Thermoleophilia,Solirubrobacterales,Solirubrobacteraceae,Solirubrobacter,Solirubrobacter soli,5,2,1,1,1,0,Solirubrobacter,ginsenosidimutans,TRUE
,,Bacillota,Bacilli,Bacillales,Staphylococcaceae,Staphylococcus,Staphylococcus intermedius,5,9,1,1,1,0,Staphylococcus,coagulans,TRUE
,,Bacillota,Clostridia,Eubacteriales,Clostridiaceae,Clostridium,Clostridium puniceum,5,1,1,1,0,0,Clostridium,puniceum,TRUE
,,Bacteroidota,Bacteroidia,Bacteroidales,Prevotellaceae,Paraprevotella,Paraprevotella clara,5,1,1,1,0,0,Paraprevotella,clara,TRUE
,,Bacillota,Bacilli,Bacillales,Bacillaceae,Lysinibacillus,Lysinibacillus alkaliphilus,4,1,0,0,1,1,Halalkalibacter,oceani,FALSE
,,Bacillota,Bacilli,Bacillales,Bacillaceae,Sutcliffiella,Sutcliffiella cohnii,4,5,0.5,0.5,1,1,Bacillus,acidicola,FALSE
,,Bacillota,Bacilli,Bacillales,Staphylococcaceae,Macrococcus,Macrococcus bovicus,4,3,1,1,1,0,Macrococcus,bovicus,TRUE
,,Bacillota,Bacilli,Bacillales,Staphylococcaceae,Macrococcus,Macrococcus carouselicus,4,3,1,1,1,0,Macrococcus,bovicus,TRUE
,,Bacillota,Bacilli,Lactobacillales,Enterococcaceae,Enterococcus,Enterococcus gallinarum,4,3,1,1,1,0,Enterococcus,casseliflavus,TRUE
,,Bacillota,Bacilli,Lactobacillales,Streptococcaceae,Streptococcus,Streptococcus sanguinis,4,3,1,1,1,0,Streptococcus,cristatus,TRUE
,,Bacillota,Bacilli,Lactobacillales,Streptococcaceae,Streptococcus,Streptococcus troglodytae,4,1,1,1,0,0,Streptococcus,troglodytae,TRUE
,,Bacillota,Clostridia,Eubacteriales,Clostridiaceae,Clostridium,Clostridium butyricum,4,1,1,1,0,0,Clostridium,butyricum,TRUE
,,Bacillota,Clostridia,Lachnospirales,Lachnospiraceae,Blautia,Blautia faecis,4,1,1,1,0,0,Blautia,faecis,TRUE
,,Bacillota,Clostridia,Lachnospirales,Lachnospiraceae,Mediterraneibacter,Mediterraneibacter faecis,4,1,1,1,0,0,Mediterraneibacter,faecis,TRUE
,,Bacteroidota,Bacteroidia,Bacteroidales,Bacteroidaceae,Bacteroides,Bacteroides uniformis,4,1,1,1,0,0,Bacteroides,uniformis,TRUE
,,Bacteroidota,Bacteroidia,Bacteroidales,Barnesiellaceae,Coprobacter,Coprobacter fastidiosus,4,1,1,1,0,0,Coprobacter,fastidiosus,TRUE
,,Pseudomonadota,Betaproteobacteria,Burkholderiales,Sutterellaceae,Sutterella,Sutterella massiliensis,4,2,1,1,1,0,Sutterella,massiliensis,TRUE
,,Pseudomonadota,Betaproteobacteria,Burkholderiales,Sutterellaceae,Sutterella,Sutterella stercoricanis,4,2,1,1,1,0,Sutterella,massiliensis,TRUE
,,Pseudomonadota,Gammaproteobacteria,Lysobacterales,Lysobacteraceae,Stenotrophomonas,Stenotrophomonas geniculata,4,3,1,1,1,0,Stenotrophomonas,geniculata,TRUE
,,Actinomycetota,Actinomycetes,Micromonosporales,Micromonosporaceae,Micromonospora,Micromonospora echinaurantiaca,3,4,0,0,1,1,Couchioplanes,caeruleus,FALSE
,,Actinomycetota,Actinomycetes,Propionibacteriales,Nocardioidaceae,Nocardioides,Nocardioides sonneratiae,3,2,1,1,1,0,Nocardioides,aestuarii,TRUE
,,Bacillota,Bacilli,Bacillales,Bacillaceae,Bacillus,Bacillus carboniphilus,3,4,1,1,1,1,Bacillus,acidicola,TRUE
,,Bacillota,Bacilli,Bacillales,Bacillaceae,Heyndrickxia,Heyndrickxia acidicola,3,4,1,1,1,1,Bacillus,acidicola,TRUE
,,Bacillota,Bacilli,Bacillales,Staphylococcaceae,Mammaliicoccus,Mammaliicoccus sciuri,3,,,,,,,,
,,Bacillota,Bacilli,Bacillales,Staphylococcaceae,Staphylococcus,Staphylococcus auricularis,3,,,,,,,,
,,Bacillota,Bacilli,Lactobacillales,Enterococcaceae,Enterococcus,Enterococcus mundtii,3,,,,,,,,
,,Bacillota,Clostridia,Lachnospirales,Lachnospiraceae,Dorea,Dorea longicatena,3,,,,,,,,
,,Bacteroidota,Cytophagia,Cytophagales,Hymenobacteraceae,Adhaeribacter,Adhaeribacter terrae,3,,,,,,,,
,,Pseudomonadota,Alphaproteobacteria,Hyphomicrobiales,Hyphomicrobiaceae,Hyphomicrobium,Hyphomicrobium aestuarii,3,,,,,,,,
,,Pseudomonadota,Alphaproteobacteria,Hyphomicrobiales,Hyphomicrobiaceae,Hyphomicrobium,Hyphomicrobium vulgare,3,,,,,,,,
,,Pseudomonadota,Alphaproteobacteria,Hyphomicrobiales,Rhizobiaceae,Agrobacterium,Agrobacterium rubi,3,,,,,,,,
,,Pseudomonadota,Alphaproteobacteria,Rhodospirillales,Azospirillaceae,Skermanella,Skermanella aerolata,3,,,,,,,,
,,Pseudomonadota,Alphaproteobacteria,Sphingomonadales,Sphingomonadaceae,Novosphingobium,Novosphingobium flavum,3,,,,,,,,
,,Pseudomonadota,Gammaproteobacteria,Lysobacterales,Lysobacteraceae,Noviluteimonas,Noviluteimonas caseinilytica,3,,,,,,,,
,,Thermodesulfobacteriota,Desulfovibrionia,Desulfovibrionales,Desulfovibrionaceae,Desulfovibrio,Desulfovibrio piger,3,,,,,,,,
,,Verrucomicrobiota,Spartobacteria,Chthoniobacterales,Chthoniobacteraceae,Chthoniobacter,Chthoniobacter flavus,3,,,,,,,,
,,Acidobacteriota,Vicinamibacteria,Vicinamibacterales,Vicinamibacteraceae,Vicinamibacter,Vicinamibacter silvestris,2,,,,,,,,
,,Actinomycetota,Actinomycetes,Kitasatosporales,Streptomycetaceae,Streptomyces,Streptomyces griseochromogenes,2,,,,,,,,
,,Actinomycetota,Actinomycetes,Kitasatosporales,Streptomycetaceae,Streptomyces,Streptomyces libani,2,,,,,,,,
,,Actinomycetota,Actinomycetes,Micrococcales,Intrasporangiaceae,Oryzobacter,Oryzobacter terrae,2,,,,,,,,
,,Actinomycetota,Actinomycetes,Micrococcales,Intrasporangiaceae,Phycicoccus,Phycicoccus elongatus,2,,,,,,,,
,,Actinomycetota,Actinomycetes,Micrococcales,Micrococcaceae,Arthrobacter,Arthrobacter alpinus,2,,,,,,,,
,,Actinomycetota,Actinomycetes,Micrococcales,Micrococcaceae,Arthrobacter,Arthrobacter cryoconiti,2,,,,,,,,
,,Actinomycetota,Actinomycetes,Micrococcales,Micrococcaceae,Arthrobacter,Arthrobacter dokdonellae,2,,,,,,,,
,,Actinomycetota,Actinomycetes,Micrococcales,Micrococcaceae,Arthrobacter,Arthrobacter globiformis,2,,,,,,,,
,,Actinomycetota,Actinomycetes,Micrococcales,Micrococcaceae,Arthrobacter,Arthrobacter humicola,2,,,,,,,,
,,Actinomycetota,Actinomycetes,Micrococcales,Micrococcaceae,Arthrobacter,Arthrobacter livingstonensis,2,,,,,,,,
,,Actinomycetota,Actinomycetes,Micrococcales,Micrococcaceae,Arthrobacter,Arthrobacter oryzae,2,,,,,,,,
,,Actinomycetota,Actinomycetes,Micrococcales,Micrococcaceae,Arthrobacter,Arthrobacter pascens,2,,,,,,,,
,,Actinomycetota,Actinomycetes,Micrococcales,Micrococcaceae,Arthrobacter,Arthrobacter pokkalii,2,,,,,,,,
,,Actinomycetota,Actinomycetes,Micrococcales,Micrococcaceae,Arthrobacter,Arthrobacter psychrochitiniphilus,2,,,,,,,,
,,Actinomycetota,Actinomycetes,Micrococcales,Micrococcaceae,Paeniglutamicibacter,Paeniglutamicibacter cryotolerans,2,,,,,,,,
,,Actinomycetota,Actinomycetes,Micrococcales,Micrococcaceae,Pseudarthrobacter,Pseudarthrobacter chlorophenolicus,2,,,,,,,,
,,Actinomycetota,Actinomycetes,Micrococcales,Micrococcaceae,Pseudarthrobacter,Pseudarthrobacter defluvii,2,,,,,,,,
,,Actinomycetota,Actinomycetes,Micrococcales,Micrococcaceae,Pseudarthrobacter,Pseudarthrobacter equi,2,,,,,,,,
,,Actinomycetota,Actinomycetes,Micrococcales,Micrococcaceae,Pseudarthrobacter,Pseudarthrobacter oxydans,2,,,,,,,,
,,Actinomycetota,Actinomycetes,Micrococcales,Micrococcaceae,Pseudarthrobacter,Pseudarthrobacter phenanthrenivorans,2,,,,,,,,
,,Actinomycetota,Actinomycetes,Micrococcales,Micrococcaceae,Pseudarthrobacter,Pseudarthrobacter polychromogenes,2,,,,,,,,
,,Actinomycetota,Actinomycetes,Micrococcales,Micrococcaceae,Pseudarthrobacter,Pseudarthrobacter scleromae,2,,,,,,,,
,,Actinomycetota,Actinomycetes,Micrococcales,Micrococcaceae,Pseudarthrobacter,Pseudarthrobacter siccitolerans,2,,,,,,,,
,,Actinomycetota,Actinomycetes,Micrococcales,Micrococcaceae,Pseudarthrobacter,Pseudarthrobacter sulfonivorans,2,,,,,,,,
,,Actinomycetota,Actinomycetes,Micromonosporales,Micromonosporaceae,Actinoplanes,Actinoplanes missouriensis,2,,,,,,,,
,,Actinomycetota,Actinomycetes,Micromonosporales,Micromonosporaceae,Actinoplanes,Actinoplanes nipponensis,2,,,,,,,,
,,Actinomycetota,Actinomycetes,Micromonosporales,Micromonosporaceae,Couchioplanes,Couchioplanes caeruleus,2,,,,,,,,
,,Actinomycetota,Actinomycetes,Micromonosporales,Micromonosporaceae,Krasilnikovia,Krasilnikovia cinnamomea,2,,,,,,,,
,,Actinomycetota,Actinomycetes,Micromonosporales,Micromonosporaceae,Pseudosporangium,Pseudosporangium ferrugineum,2,,,,,,,,
,,Actinomycetota,Actinomycetes,Micromonosporales,Micromonosporaceae,Symbioplanes,Symbioplanes lichenis,2,,,,,,,,
,,Actinomycetota,Actinomycetes,Micromonosporales,Micromonosporaceae,Virgisporangium,Virgisporangium aurantiacum,2,,,,,,,,
,,Actinomycetota,Actinomycetes,Micromonosporales,Micromonosporaceae,Virgisporangium,Virgisporangium myanmarense,2,,,,,,,,
,,Actinomycetota,Actinomycetes,Micromonosporales,Micromonosporaceae,Virgisporangium,Virgisporangium ochraceum,2,,,,,,,,
,,Actinomycetota,Actinomycetes,Micromonosporales,Micromonosporaceae,Winogradskya,Winogradskya consettensis,2,,,,,,,,
,,Actinomycetota,Actinomycetes,Micromonosporales,Micromonosporaceae,Winogradskya,Winogradskya humida,2,,,,,,,,
,,Actinomycetota,Actinomycetes,Mycobacteriales,Mycobacteriaceae,Mycolicibacterium,Mycolicibacterium mageritense,2,,,,,,,,
,,Actinomycetota,Actinomycetes,Mycobacteriales,Mycobacteriaceae,Mycolicibacterium,Mycolicibacterium malmesburyense,2,,,,,,,,
,,Actinomycetota,Actinomycetes,Mycobacteriales,Mycobacteriaceae,Mycolicibacterium,Mycolicibacterium murale,2,,,,,,,,
,,Actinomycetota,Actinomycetes,Nakamurellales,Nakamurellaceae,Nakamurella,Nakamurella endophytica,2,,,,,,,,
,,Actinomycetota,Actinomycetes,Propionibacteriales,Nocardioidaceae,Nocardioides,Nocardioides ferulae,2,,,,,,,,
,,Actinomycetota,Actinomycetes,Propionibacteriales,Nocardioidaceae,Nocardioides,Nocardioides kribbensis,2,,,,,,,,
,,Actinomycetota,Actinomycetes,Propionibacteriales,Nocardioidaceae,Nocardioides,Nocardioides marmoribigeumensis,2,,,,,,,,
,,Actinomycetota,Actinomycetes,Propionibacteriales,Nocardioidaceae,Nocardioides,Nocardioides szechwanensis,2,,,,,,,,
,,Actinomycetota,Actinomycetes,Pseudonocardiales,Pseudonocardiaceae,Pseudonocardia,Pseudonocardia halophobica,2,,,,,,,,
,,Actinomycetota,Actinomycetes,Pseudonocardiales,Pseudonocardiaceae,Pseudonocardia,Pseudonocardia kujensis,2,,,,,,,,
,,Actinomycetota,Actinomycetes,Pseudonocardiales,Pseudonocardiaceae,Pseudonocardia,Pseudonocardia profundimaris,2,,,,,,,,
,,Actinomycetota,Actinomycetes,Pseudonocardiales,Pseudonocardiaceae,Pseudonocardia,Pseudonocardia thailandensis,2,,,,,,,,
,,Actinomycetota,Actinomycetes,Pseudonocardiales,Pseudonocardiaceae,Pseudonocardia,Pseudonocardia yuanmonensis,2,,,,,,,,
,,Bacillota,Bacilli,Bacillales,Bacillaceae,Bacillus,Bacillus zanthoxyli,2,,,,,,,,
,,Bacillota,Bacilli,Bacillales,Bacillaceae,Halalkalibacter,Halalkalibacter nanhaiisediminis,2,,,,,,,,
,,Bacillota,Bacilli,Bacillales,Bacillaceae,Priestia,Priestia aryabhattai,2,,,,,,,,
,,Bacillota,Bacilli,Bacillales,Bacillaceae,Priestia,Priestia flexa,2,,,,,,,,
,,Bacillota,Bacilli,Bacillales,Bacillaceae,Priestia,Priestia megaterium,2,,,,,,,,
,,Bacillota,Bacilli,Bacillales,Bacillaceae,Priestia,Priestia qingshengii,2,,,,,,,,
,,Bacillota,Bacilli,Bacillales,Listeriaceae,Listeria,Listeria grayi,2,,,,,,,,
,,Bacillota,Bacilli,Bacillales,Listeriaceae,Listeria,Listeria monocytogenes,2,,,,,,,,
,,Bacillota,Bacilli,Lactobacillales,Enterococcaceae,Enterococcus,Enterococcus asini,2,,,,,,,,
,,Bacillota,Bacilli,Lactobacillales,Enterococcaceae,Enterococcus,Enterococcus canis,2,,,,,,,,
,,Bacillota,Bacilli,Lactobacillales,Enterococcaceae,Enterococcus,Enterococcus crotali,2,,,,,,,,
,,Bacillota,Bacilli,Lactobacillales,Enterococcaceae,Enterococcus,Enterococcus durans,2,,,,,,,,
,,Bacillota,Bacilli,Lactobacillales,Enterococcaceae,Enterococcus,Enterococcus silesiacus,2,,,,,,,,
,,Bacillota,Bacilli,Lactobacillales,Lactobacillaceae,Lactobacillus,Lactobacillus helveticus,2,,,,,,,,
,,Bacillota,Bacilli,Lactobacillales,Streptococcaceae,Streptococcus,Streptococcus dysgalactiae,2,,,,,,,,
,,Bacillota,Clostridia,Lachnospirales,Lachnospiraceae,Agathobacter,Agathobacter rectalis,2,,,,,,,,
,,Bacillota,Clostridia,Lachnospirales,Lachnospiraceae,Anaerobutyricum,Anaerobutyricum hallii,2,,,,,,,,
,,Bacillota,Clostridia,Lachnospirales,Lachnospiraceae,Blautia,Blautia obeum,2,,,,,,,,
,,Bacillota,Clostridia,Lachnospirales,Lachnospiraceae,Blautia,Blautia stercoris,2,,,,,,,,
,,Bacillota,Clostridia,Lachnospirales,Lachnospiraceae,Fusicatenibacter,Fusicatenibacter saccharivorans,2,,,,,,,,
,,Bacteroidota,Bacteroidia,Bacteroidales,Rikenellaceae,Alistipes,Alistipes finegoldii,2,,,,,,,,
,,Bacteroidota,Sphingobacteriia,Sphingobacteriales,Sphingobacteriaceae,Pedobacter,Pedobacter metabolipauper,2,,,,,,,,
,,Pseudomonadota,Alphaproteobacteria,Hyphomicrobiales,Methylobacteriaceae,Microvirga,Microvirga aerophila,2,,,,,,,,
,,Pseudomonadota,Alphaproteobacteria,Hyphomicrobiales,Methylobacteriaceae,Microvirga,Microvirga arabica,2,,,,,,,,
,,Pseudomonadota,Alphaproteobacteria,Hyphomicrobiales,Methylobacteriaceae,Microvirga,Microvirga soli,2,,,,,,,,
,,Pseudomonadota,Alphaproteobacteria,Hyphomicrobiales,Methylobacteriaceae,Microvirga,Microvirga vignae,2,,,,,,,,
,,Pseudomonadota,Alphaproteobacteria,Hyphomicrobiales,Nitrobacteraceae,Bradyrhizobium,Bradyrhizobium betae,2,,,,,,,,
,,Pseudomonadota,Alphaproteobacteria,Hyphomicrobiales,Nitrobacteraceae,Bradyrhizobium,Bradyrhizobium daqingense,2,,,,,,,,
,,Pseudomonadota,Alphaproteobacteria,Hyphomicrobiales,Nitrobacteraceae,Bradyrhizobium,Bradyrhizobium diazoefficiens,2,,,,,,,,
,,Pseudomonadota,Alphaproteobacteria,Hyphomicrobiales,Nitrobacteraceae,Bradyrhizobium,Bradyrhizobium iriomotense,2,,,,,,,,
,,Pseudomonadota,Alphaproteobacteria,Hyphomicrobiales,Nitrobacteraceae,Bradyrhizobium,Bradyrhizobium liaoningense,2,,,,,,,,
,,Pseudomonadota,Alphaproteobacteria,Hyphomicrobiales,Nitrobacteraceae,Bradyrhizobium,Bradyrhizobium oligotrophicum,2,,,,,,,,
,,Pseudomonadota,Alphaproteobacteria,Hyphomicrobiales,Nitrobacteraceae,Bradyrhizobium,Bradyrhizobium pachyrhizi,2,,,,,,,,
,,Pseudomonadota,Alphaproteobacteria,Hyphomicrobiales,Reyranellaceae,Reyranella,Reyranella soli,2,,,,,,,,
,,Pseudomonadota,Alphaproteobacteria,Rhodospirillales,Azospirillaceae,Skermanella,Skermanella stibiiresistens,2,,,,,,,,
,,Pseudomonadota,Alphaproteobacteria,Sphingomonadales,Sphingomonadaceae,Sphingomonas,Sphingomonas mesophila,2,,,,,,,,
,,Pseudomonadota,Betaproteobacteria,Burkholderiales,Comamonadaceae,Curvibacter,Curvibacter fontanus,2,,,,,,,,
,,Pseudomonadota,Betaproteobacteria,Burkholderiales,Comamonadaceae,Paracidovorax,Paracidovorax konjaci,2,,,,,,,,
,,Pseudomonadota,Gammaproteobacteria,Lysobacterales,Lysobacteraceae,Agrilutibacter,Agrilutibacter niabensis,2,,,,,,,,
,,Pseudomonadota,Gammaproteobacteria,Lysobacterales,Lysobacteraceae,Arenimonas,Arenimonas daejeonensis,2,,,,,,,,
,,Pseudomonadota,Gammaproteobacteria,Lysobacterales,Lysobacteraceae,Arenimonas,Arenimonas malthae,2,,,,,,,,
,,Pseudomonadota,Gammaproteobacteria,Lysobacterales,Lysobacteraceae,Arenimonas,Arenimonas terrae,2,,,,,,,,
,,Pseudomonadota,Gammaproteobacteria,Lysobacterales,Lysobacteraceae,Lysobacter,Lysobacter fragariae,2,,,,,,,,
,,Pseudomonadota,Gammaproteobacteria,Lysobacterales,Lysobacteraceae,Lysobacter,Lysobacter rhizosphaerae,2,,,,,,,,
,,Pseudomonadota,Gammaproteobacteria,Lysobacterales,Lysobacteraceae,Lysobacter,Lysobacter terricola,2,,,,,,,,
,,Pseudomonadota,Gammaproteobacteria,Lysobacterales,Lysobacteraceae,Lysobacter,Lysobacter tyrosinelyticus,2,,,,,,,,
,,Pseudomonadota,Gammaproteobacteria,Lysobacterales,Lysobacteraceae,Pseudoxanthomonas,Pseudoxanthomonas koreensis,2,,,,,,,,
,,Pseudomonadota,Gammaproteobacteria,Moraxellales,Moraxellaceae,Acinetobacter,Acinetobacter qingfengensis,2,,,,,,,,
,,Pseudomonadota,Gammaproteobacteria,Pseudomonadales,Pseudomonadaceae,Metapseudomonas,Metapseudomonas otitidis,2,,,,,,,,
,,Acidobacteriota,Blastocatellia,Blastocatellales,Blastocatellaceae,Aridibacter,Aridibacter famidurans,1,,,,,,,,
,,Acidobacteriota,Blastocatellia,Blastocatellales,Blastocatellaceae,Aridibacter,Aridibacter nitratireducens,1,,,,,,,,
,,Actinomycetota,Actinomycetes,Geodermatophilales,Geodermatophilaceae,Geodermatophilus,Geodermatophilus sabuli,1,,,,,,,,
,,Actinomycetota,Actinomycetes,Kineosporiales,Kineosporiaceae,Angustibacter,Angustibacter speluncae,1,,,,,,,,
,,Actinomycetota,Actinomycetes,Kitasatosporales,Streptomycetaceae,Streptomyces,Streptomyces chryseus,1,,,,,,,,
,,Actinomycetota,Actinomycetes,Kitasatosporales,Streptomycetaceae,Streptomyces,Streptomyces cremeus,1,,,,,,,,
,,Actinomycetota,Actinomycetes,Kitasatosporales,Streptomycetaceae,Streptomyces,Streptomyces gobitricini,1,,,,,,,,
,,Actinomycetota,Actinomycetes,Kitasatosporales,Streptomycetaceae,Streptomyces,Streptomyces graminofaciens,1,,,,,,,,
,,Actinomycetota,Actinomycetes,Kitasatosporales,Streptomycetaceae,Streptomyces,Streptomyces hypolithicus,1,,,,,,,,
,,Actinomycetota,Actinomycetes,Kitasatosporales,Streptomycetaceae,Streptomyces,Streptomyces inhibens,1,,,,,,,,
,,Actinomycetota,Actinomycetes,Kitasatosporales,Streptomycetaceae,Streptomyces,Streptomyces lannensis,1,,,,,,,,
,,Actinomycetota,Actinomycetes,Kitasatosporales,Streptomycetaceae,Streptomyces,Streptomyces lavendofoliae,1,,,,,,,,
,,Actinomycetota,Actinomycetes,Kitasatosporales,Streptomycetaceae,Streptomyces,Streptomyces luozhongensis,1,,,,,,,,
,,Actinomycetota,Actinomycetes,Kitasatosporales,Streptomycetaceae,Streptomyces,Streptomyces maoxianensis,1,,,,,,,,
,,Actinomycetota,Actinomycetes,Kitasatosporales,Streptomycetaceae,Streptomyces,Streptomyces pulveraceus,1,,,,,,,,
,,Actinomycetota,Actinomycetes,Kitasatosporales,Streptomycetaceae,Streptomyces,Streptomyces purpureus,1,,,,,,,,
,,Actinomycetota,Actinomycetes,Kitasatosporales,Streptomycetaceae,Streptomyces,Streptomyces spiroverticillatus,1,,,,,,,,
,,Actinomycetota,Actinomycetes,Kitasatosporales,Streptomycetaceae,Streptomyces,Streptomyces werraensis,1,,,,,,,,
,,Actinomycetota,Actinomycetes,Micrococcales,Bogoriellaceae,Georgenia,Georgenia ruanii,1,,,,,,,,
,,Actinomycetota,Actinomycetes,Micrococcales,Bogoriellaceae,Georgenia,Georgenia soli,1,,,,,,,,
,,Actinomycetota,Actinomycetes,Micrococcales,Bogoriellaceae,Georgenia,Georgenia thermotolerans,1,,,,,,,,
,,Actinomycetota,Actinomycetes,Micrococcales,Microbacteriaceae,Agromyces,Agromyces ramosus,1,,,,,,,,
,,Actinomycetota,Actinomycetes,Micromonosporales,Micromonosporaceae,Actinoplanes,Actinoplanes couchii,1,,,,,,,,
,,Actinomycetota,Actinomycetes,Micromonosporales,Micromonosporaceae,Catellatospora,Catellatospora aurea,1,,,,,,,,
,,Actinomycetota,Actinomycetes,Micromonosporales,Micromonosporaceae,Catellatospora,Catellatospora chokoriensis,1,,,,,,,,
,,Actinomycetota,Actinomycetes,Micromonosporales,Micromonosporaceae,Catellatospora,Catellatospora citrea,1,,,,,,,,
,,Actinomycetota,Actinomycetes,Micromonosporales,Micromonosporaceae,Catellatospora,Catellatospora coxensis,1,,,,,,,,
,,Actinomycetota,Actinomycetes,Micromonosporales,Micromonosporaceae,Catellatospora,Catellatospora methionotrophica,1,,,,,,,,
,,Actinomycetota,Actinomycetes,Micromonosporales,Micromonosporaceae,Catellatospora,Catellatospora paridis,1,,,,,,,,
,,Actinomycetota,Actinomycetes,Micromonosporales,Micromonosporaceae,Catellatospora,Catellatospora vulcania,1,,,,,,,,
,,Actinomycetota,Actinomycetes,Micromonosporales,Micromonosporaceae,Micromonospora,Micromonospora fluostatini,1,,,,,,,,
,,Actinomycetota,Actinomycetes,Micromonosporales,Micromonosporaceae,Micromonospora,Micromonospora globbae,1,,,,,,,,
,,Actinomycetota,Actinomycetes,Mycobacteriales,Corynebacteriaceae,Corynebacterium,Corynebacterium tuberculostearicum,1,,,,,,,,
,,Actinomycetota,Actinomycetes,Mycobacteriales,Mycobacteriaceae,Mycobacterium,Mycobacterium florentinum,1,,,,,,,,
,,Actinomycetota,Actinomycetes,Mycobacteriales,Mycobacteriaceae,Mycobacterium,Mycobacterium heidelbergense,1,,,,,,,,
,,Actinomycetota,Actinomycetes,Mycobacteriales,Mycobacteriaceae,Mycobacterium,Mycobacterium kubicae,1,,,,,,,,
,,Actinomycetota,Actinomycetes,Mycobacteriales,Mycobacteriaceae,Mycobacterium,Mycobacterium lentiflavum,1,,,,,,,,
,,Actinomycetota,Actinomycetes,Mycobacteriales,Mycobacteriaceae,Mycobacterium,Mycobacterium montefiorense,1,,,,,,,,
,,Actinomycetota,Actinomycetes,Mycobacteriales,Mycobacteriaceae,Mycobacterium,Mycobacterium palustre,1,,,,,,,,
,,Actinomycetota,Actinomycetes,Mycobacteriales,Mycobacteriaceae,Mycobacterium,Mycobacterium parmense,1,,,,,,,,
,,Actinomycetota,Actinomycetes,Mycobacteriales,Mycobacteriaceae,Mycobacterium,Mycobacterium sherrisii,1,,,,,,,,
,,Actinomycetota,Actinomycetes,Mycobacteriales,Mycobacteriaceae,Mycobacterium,Mycobacterium shigaense,1,,,,,,,,
,,Actinomycetota,Actinomycetes,Mycobacteriales,Mycobacteriaceae,Mycobacterium,Mycobacterium stomatepiae,1,,,,,,,,
,,Actinomycetota,Actinomycetes,Mycobacteriales,Mycobacteriaceae,Mycobacterium,Mycobacterium triplex,1,,,,,,,,
,,Actinomycetota,Actinomycetes,Mycobacteriales,Mycobacteriaceae,Mycolicibacterium,Mycolicibacterium aichiense,1,,,,,,,,
,,Actinomycetota,Actinomycetes,Mycobacteriales,Mycobacteriaceae,Mycolicibacterium,Mycolicibacterium gadium,1,,,,,,,,
,,Actinomycetota,Actinomycetes,Mycobacteriales,Mycobacteriaceae,Mycolicibacterium,Mycolicibacterium rhodesiae,1,,,,,,,,
,,Actinomycetota,Actinomycetes,Propionibacteriales,Nocardioidaceae,Aeromicrobium,Aeromicrobium ponti,1,,,,,,,,
,,Actinomycetota,Actinomycetes,Propionibacteriales,Nocardioidaceae,Nocardioides,Nocardioides cavernae,1,,,,,,,,
,,Actinomycetota,Actinomycetes,Propionibacteriales,Nocardioidaceae,Nocardioides,Nocardioides guangzhouensis,1,,,,,,,,
,,Actinomycetota,Actinomycetes,Propionibacteriales,Nocardioidaceae,Nocardioides,Nocardioides hwasunensis,1,,,,,,,,
,,Actinomycetota,Actinomycetes,Propionibacteriales,Nocardioidaceae,Nocardioides,Nocardioides islandensis,1,,,,,,,,
,,Actinomycetota,Actinomycetes,Propionibacteriales,Nocardioidaceae,Nocardioides,Nocardioides lentus,1,,,,,,,,
,,Actinomycetota,Actinomycetes,Propionibacteriales,Nocardioidaceae,Nocardioides,Nocardioides salarius,1,,,,,,,,
,,Actinomycetota,Actinomycetes,Propionibacteriales,Propionibacteriaceae,Cutibacterium,Cutibacterium namnetense,1,,,,,,,,
,,Actinomycetota,Actinomycetes,Pseudonocardiales,Pseudonocardiaceae,Actinosynnema,Actinosynnema pretiosum,1,,,,,,,,
,,Actinomycetota,Actinomycetes,Pseudonocardiales,Pseudonocardiaceae,Lentzea,Lentzea albida,1,,,,,,,,
,,Actinomycetota,Actinomycetes,Pseudonocardiales,Pseudonocardiaceae,Lentzea,Lentzea albidocapillata,1,,,,,,,,
,,Actinomycetota,Actinomycetes,Pseudonocardiales,Pseudonocardiaceae,Lentzea,Lentzea cavernae,1,,,,,,,,
,,Actinomycetota,Actinomycetes,Pseudonocardiales,Pseudonocardiaceae,Lentzea,Lentzea isolaginshaensis,1,,,,,,,,
,,Actinomycetota,Actinomycetes,Pseudonocardiales,Pseudonocardiaceae,Lentzea,Lentzea kentuckyensis,1,,,,,,,,
,,Actinomycetota,Actinomycetes,Pseudonocardiales,Pseudonocardiaceae,Lentzea,Lentzea pudingi,1,,,,,,,,
,,Actinomycetota,Actinomycetes,Pseudonocardiales,Pseudonocardiaceae,Pseudonocardia,Pseudonocardia hydrocarbonoxydans,1,,,,,,,,
,,Actinomycetota,Actinomycetes,Streptosporangiales,Streptosporangiaceae,Nonomuraea,Nonomuraea flavida,1,,,,,,,,
,,Actinomycetota,Actinomycetes,Streptosporangiales,Streptosporangiaceae,Streptosporangium,Streptosporangium carneum,1,,,,,,,,
,,Actinomycetota,Actinomycetes,Streptosporangiales,Streptosporangiaceae,Streptosporangium,Streptosporangium saharense,1,,,,,,,,
,,Actinomycetota,Actinomycetes,Streptosporangiales,Streptosporangiaceae,Streptosporangium,Streptosporangium terrae,1,,,,,,,,
,,Actinomycetota,Coriobacteriia,Coriobacteriales,Coriobacteriaceae,Collinsella,Collinsella aerofaciens,1,,,,,,,,
,,Bacillota,Bacilli,Bacillales,Bacillaceae,Alkalihalophilus,Alkalihalophilus pseudofirmus,1,,,,,,,,
,,Bacillota,Bacilli,Bacillales,Bacillaceae,Anaerobacillus,Anaerobacillus alkalilacustris,1,,,,,,,,
,,Bacillota,Bacilli,Bacillales,Bacillaceae,Bacillus,Bacillus bingmayongensis,1,,,,,,,,
,,Bacillota,Bacilli,Bacillales,Bacillaceae,Bacillus,Bacillus nitratireducens,1,,,,,,,,
,,Bacillota,Bacilli,Bacillales,Bacillaceae,Halalkalibacter,Halalkalibacter akibai,1,,,,,,,,
,,Bacillota,Bacilli,Bacillales,Bacillaceae,Halalkalibacter,Halalkalibacter urbisdiaboli,1,,,,,,,,
,,Bacillota,Bacilli,Bacillales,Bacillaceae,Heyndrickxia,Heyndrickxia camelliae,1,,,,,,,,
,,Bacillota,Bacilli,Bacillales,Bacillaceae,Lysinibacillus,Lysinibacillus yapensis,1,,,,,,,,
,,Bacillota,Bacilli,Bacillales,Bacillaceae,Robertmurraya,Robertmurraya andreesenii,1,,,,,,,,
,,Bacillota,Bacilli,Bacillales,Listeriaceae,Listeria,Listeria seeligeri,1,,,,,,,,
,,Bacillota,Bacilli,Bacillales,Planococcaceae,Viridibacillus,Viridibacillus arenosi,1,,,,,,,,
,,Bacillota,Bacilli,Bacillales,Staphylococcaceae,Salinicoccus,Salinicoccus sediminis,1,,,,,,,,
,,Bacillota,Bacilli,Bacillales,Staphylococcaceae,Staphylococcus,Staphylococcus cohnii,1,,,,,,,,
,,Bacillota,Bacilli,Bacillales,Staphylococcaceae,Staphylococcus,Staphylococcus pseudolugdunensis,1,,,,,,,,
,,Bacillota,Bacilli,Lactobacillales,Enterococcaceae,Enterococcus,Enterococcus casseliflavus,1,,,,,,,,
,,Bacillota,Bacilli,Lactobacillales,Enterococcaceae,Enterococcus,Enterococcus cecorum,1,,,,,,,,
,,Bacillota,Bacilli,Lactobacillales,Enterococcaceae,Enterococcus,Enterococcus termitis,1,,,,,,,,
,,Bacillota,Bacilli,Lactobacillales,Enterococcaceae,Enterococcus,Enterococcus ureilyticus,1,,,,,,,,
,,Bacillota,Bacilli,Lactobacillales,Lactobacillaceae,Lactobacillus,Lactobacillus pasteurii,1,,,,,,,,
,,Bacillota,Bacilli,Lactobacillales,Streptococcaceae,Streptococcus,Streptococcus cristatus,1,,,,,,,,
,,Bacillota,Bacilli,Lactobacillales,Streptococcaceae,Streptococcus,Streptococcus gordonii,1,,,,,,,,
,,Bacillota,Bacilli,Lactobacillales,Streptococcaceae,Streptococcus,Streptococcus peroris,1,,,,,,,,
,,Bacillota,Clostridia,Eubacteriales,Butyricicoccaceae,Agathobaculum,Agathobaculum butyriciproducens,1,,,,,,,,
,,Bacillota,Clostridia,Eubacteriales,Butyricicoccaceae,Agathobaculum,Agathobaculum desmolans,1,,,,,,,,
,,Bacillota,Clostridia,Eubacteriales,Butyricicoccaceae,Butyricicoccus,Butyricicoccus faecihominis,1,,,,,,,,
,,Bacillota,Clostridia,Eubacteriales,Clostridiaceae,Clostridium,Clostridium chromiireducens,1,,,,,,,,
,,Bacillota,Clostridia,Eubacteriales,Clostridiaceae,Clostridium,Clostridium saccharobutylicum,1,,,,,,,,
,,Bacillota,Clostridia,Eubacteriales,Clostridiaceae,Sarcina,Sarcina ventriculi,1,,,,,,,,
,,Bacillota,Clostridia,Lachnospirales,Lachnospiraceae,Blautia,Blautia luti,1,,,,,,,,
,,Bacillota,Clostridia,Lachnospirales,Lachnospiraceae,Coprococcus,Coprococcus catus,1,,,,,,,,
,,Bacillota,Clostridia,Lachnospirales,Lachnospiraceae,Dorea,Dorea formicigenerans,1,,,,,,,,
,,Bacillota,Clostridia,Lachnospirales,Lachnospiraceae,Mediterraneibacter,[Ruminococcus] torques,1,,,,,,,,
,,Bacillota,Clostridia,Lachnospirales,Lachnospiraceae,Schaedlerella,Schaedlerella arabinosiphila,1,,,,,,,,
,,Bacillota,Erysipelotrichia,Erysipelotrichales,Erysipelotrichaceae,Holdemanella,Holdemanella biformis,1,,,,,,,,
,,Bacillota,Erysipelotrichia,Erysipelotrichales,Erysipelotrichaceae,Holdemania,Holdemania filiformis,1,,,,,,,,
,,Bacteroidota,Bacteroidia,Bacteroidales,Bacteroidaceae,Bacteroides,Bacteroides caecimuris,1,,,,,,,,
,,Bacteroidota,Bacteroidia,Bacteroidales,Bacteroidaceae,Bacteroides,Bacteroides koreensis,1,,,,,,,,
,,Bacteroidota,Bacteroidia,Bacteroidales,Bacteroidaceae,Bacteroides,Bacteroides kribbi,1,,,,,,,,
,,Bacteroidota,Bacteroidia,Bacteroidales,Odoribacteraceae,Odoribacter,Odoribacter splanchnicus,1,,,,,,,,
,,Bacteroidota,Bacteroidia,Bacteroidales,Porphyromonadaceae,Gabonibacter,Gabonibacter massiliensis,1,,,,,,,,
,,Bacteroidota,Bacteroidia,Bacteroidales,Rikenellaceae,Alistipes,Alistipes indistinctus,1,,,,,,,,
,,Bacteroidota,Bacteroidia,Bacteroidales,Rikenellaceae,Alistipes,Alistipes onderdonkii,1,,,,,,,,
,,Bacteroidota,Chitinophagia,Chitinophagales,Chitinophagaceae,Ferruginibacter,Ferruginibacter profundus,1,,,,,,,,
,,Bacteroidota,Chitinophagia,Chitinophagales,Chitinophagaceae,Parafilimonas,Parafilimonas terrae,1,,,,,,,,
,,Bacteroidota,Chitinophagia,Chitinophagales,Chitinophagaceae,Terrimonas,Terrimonas arctica,1,,,,,,,,
,,Bacteroidota,Cytophagia,Cytophagales,Fulvivirgaceae,Chryseolinea,Chryseolinea serpens,1,,,,,,,,
,,Bacteroidota,Cytophagia,Cytophagales,Fulvivirgaceae,Chryseolinea,Chryseolinea soli,1,,,,,,,,
,,Bacteroidota,Flavobacteriia,Flavobacteriales,Flavobacteriaceae,Flavobacterium,Flavobacterium chungangense,1,,,,,,,,
,,Bacteroidota,Flavobacteriia,Flavobacteriales,Flavobacteriaceae,Flavobacterium,Flavobacterium fluviatile,1,,,,,,,,
,,Bacteroidota,Flavobacteriia,Flavobacteriales,Flavobacteriaceae,Flavobacterium,Flavobacterium gilvum,1,,,,,,,,
,,Bacteroidota,Flavobacteriia,Flavobacteriales,Flavobacteriaceae,Flavobacterium,Flavobacterium gyeonganense,1,,,,,,,,
,,Bacteroidota,Flavobacteriia,Flavobacteriales,Flavobacteriaceae,Flavobacterium,Flavobacterium notoginsengisoli,1,,,,,,,,
,,Bacteroidota,Flavobacteriia,Flavobacteriales,Flavobacteriaceae,Flavobacterium,Flavobacterium reichenbachii,1,,,,,,,,
,,Bacteroidota,Flavobacteriia,Flavobacteriales,Flavobacteriaceae,Flavobacterium,Flavobacterium resistens,1,,,,,,,,
,,Bacteroidota,Flavobacteriia,Flavobacteriales,Flavobacteriaceae,Flavobacterium,Flavobacterium terrigena,1,,,,,,,,
,,Bdellovibrionota,Bdellovibrionia,Bdellovibrionales,Pseudobdellovibrionaceae,Bdellovibrio,Bdellovibrio bacteriovorus,1,,,,,,,,
,,Campylobacterota,Epsilonproteobacteria,Campylobacterales,Helicobacteraceae,Helicobacter,Helicobacter pullorum,1,,,,,,,,
,,Myxococcota,,Polyangiales,Polyangiaceae,Polyangium,Polyangium sorediatum,1,,,,,,,,
,,Planctomycetota,Planctomycetia,Pirellulales,Lacipirellulaceae,Lacipirellula,Lacipirellula limnantheis,1,,,,,,,,
,,Pseudomonadota,Alphaproteobacteria,Hyphomicrobiales,Devosiaceae,Devosia,Devosia confluentis,1,,,,,,,,
,,Pseudomonadota,Alphaproteobacteria,Hyphomicrobiales,Devosiaceae,Devosia,Devosia elaeis,1,,,,,,,,
,,Pseudomonadota,Alphaproteobacteria,Hyphomicrobiales,Kaistiaceae,Bauldia,Bauldia consociata,1,,,,,,,,
,,Pseudomonadota,Alphaproteobacteria,Hyphomicrobiales,Reyranellaceae,Reyranella,Reyranella terrae,1,,,,,,,,
,,Pseudomonadota,Alphaproteobacteria,Hyphomicrobiales,Rhizobiaceae,Rhizobium,Rhizobium bangladeshense,1,,,,,,,,
,,Pseudomonadota,Alphaproteobacteria,Hyphomicrobiales,Rhizobiaceae,Rhizobium,Rhizobium etli,1,,,,,,,,
,,Pseudomonadota,Alphaproteobacteria,Hyphomicrobiales,Rhizobiaceae,Rhizobium,Rhizobium freirei,1,,,,,,,,
,,Pseudomonadota,Alphaproteobacteria,Hyphomicrobiales,Rhizobiaceae,Rhizobium,Rhizobium leguminosarum,1,,,,,,,,
,,Pseudomonadota,Alphaproteobacteria,Hyphomicrobiales,Rhizobiaceae,Rhizobium,Rhizobium leucaenae,1,,,,,,,,
,,Pseudomonadota,Alphaproteobacteria,Hyphomicrobiales,Rhizobiaceae,Rhizobium,Rhizobium tropici,1,,,,,,,,
,,Pseudomonadota,Alphaproteobacteria,Hyphomicrobiales,,Pseudorhodoplanes,Pseudorhodoplanes sinuspersici,1,,,,,,,,
,,Pseudomonadota,Alphaproteobacteria,Rhodobacterales,Paracoccaceae,Amaricoccus,Amaricoccus macauensis,1,,,,,,,,
,,Pseudomonadota,Alphaproteobacteria,Rhodobacterales,Paracoccaceae,Paracoccus,Paracoccus koreensis,1,,,,,,,,
,,Pseudomonadota,Alphaproteobacteria,Sphingomonadales,Sphingomonadaceae,Sphingomonas,Sphingomonas aerolata,1,,,,,,,,
,,Pseudomonadota,Alphaproteobacteria,Sphingomonadales,Sphingomonadaceae,Sphingomonas,Sphingomonas agri,1,,,,,,,,
,,Pseudomonadota,Alphaproteobacteria,Sphingomonadales,Sphingomonadaceae,Sphingomonas,Sphingomonas aurantiaca,1,,,,,,,,
,,Pseudomonadota,Alphaproteobacteria,Sphingomonadales,Sphingomonadaceae,Sphingomonas,Sphingomonas daechungensis,1,,,,,,,,
,,Pseudomonadota,Alphaproteobacteria,Sphingomonadales,Sphingomonadaceae,Sphingomonas,Sphingomonas faeni,1,,,,,,,,
,,Pseudomonadota,Alphaproteobacteria,Sphingomonadales,Sphingomonadaceae,Sphingomonas,Sphingomonas ginsenosidivorax,1,,,,,,,,
,,Pseudomonadota,Alphaproteobacteria,Sphingomonadales,Sphingomonadaceae,Sphingomonas,Sphingomonas kaistensis,1,,,,,,,,
,,Pseudomonadota,Alphaproteobacteria,Sphingomonadales,Sphingomonadaceae,Sphingomonas,Sphingomonas olei,1,,,,,,,,
,,Pseudomonadota,Alphaproteobacteria,Sphingomonadales,Sphingomonadaceae,Sphingomonas,Sphingomonas panaciterrae,1,,,,,,,,
,,Pseudomonadota,Betaproteobacteria,Burkholderiales,Comamonadaceae,Caenimonas,Caenimonas terrae,1,,,,,,,,
,,Pseudomonadota,Betaproteobacteria,Burkholderiales,Comamonadaceae,Variovorax,Variovorax ureilyticus,1,,,,,,,,
,,Pseudomonadota,Gammaproteobacteria,Enterobacterales,Enterobacteriaceae,Pseudescherichia,Pseudescherichia vulneris,1,,,,,,,,
,,Pseudomonadota,Gammaproteobacteria,Enterobacterales,Enterobacteriaceae,Raoultella,Raoultella planticola,1,,,,,,,,
,,Pseudomonadota,Gammaproteobacteria,Lysobacterales,Lysobacteraceae,Arenimonas,Arenimonas oryziterrae,1,,,,,,,,
,,Pseudomonadota,Gammaproteobacteria,Pseudomonadales,Pseudomonadaceae,Pseudomonas,Pseudomonas oryzae,1,,,,,,,,
